DATE; Talajnedvesség 30 cm; Fényegység; Belső akkufeszültség; Levegő-páratartalom; Levegő-hőmérséklet; Besugárzás; Légnyomás; Talajhőmérséklet 0 cm; Külső akkufeszültség; Levélnedvesség; Talajnedvesség 60 cm; Csapadék; Szélirány; Csapadék Számláló; Talajnedvesség 120 cm; Szélsebesség; Fagy; Napelem töltőfeszültség; Talajnedvesség 90 cm; Széllökés
2021-02-06 00:00:00; -9999,00000;1480,07980;   4,22541;  96,24130;   6,50629;  17,75618;1003,14060;-9999,00000;  12,79780;   2,54386;-9999,00000;   0,00000; 359,08270;-9999,00000;-9999,00000;   4,14029;-9999,00000;   6,95687;-9999,00000;   6,55755
2021-02-08 00:00:00; 26,42100;1523,25610;   4,23595;  88,65227;   6,34301;  19,71631; 986,85150;   0,00000;  12,79891;   3,20702;  23,80300;   0,04727; 189,38156;-9999,00000;-9999,00000;  15,05735;-9999,00000;   6,96518;  25,82600;  21,72760
2021-02-07 00:00:00; -9999,00000;1637,57640;   4,23622;  86,30292;   7,34564;  39,85915; 994,82806;-9999,00000;  12,92238;   1,90559;-9999,00000;   0,00000; 135,97754;-9999,00000;-9999,00000;  13,49821;-9999,00000;   7,50202;-9999,00000;  19,94624
2021-02-05 00:00:00; -9999,00000;1704,66660;   4,23806;  92,71839;   5,79161;  22,65018;1007,10706;-9999,00000;  12,92412;   0,82456;-9999,00000;   0,00000; 147,45247;-9999,00000;-9999,00000;   5,34767;-9999,00000;   7,20123;-9999,00000;   8,03584
2021-01-12 00:00:00; 25,79941;1509,28470;   4,23983;  96,42094;  -0,20246;  18,07829;1006,70074;   1,53049;  12,70532;   1,69014;  23,58650;   0,00419; 297,68503;-9999,00000;-9999,00000;   3,56318;-9999,00000;   6,41177;  25,69051;   5,53430
2021-04-23 00:00:00; 24,15795;2355,23200;   4,25282;  64,89990;  10,05819; 254,43661;1011,39340;-9999,00000;  13,20950;   0,03497;  23,32703;   0,00000; 306,73090;-9999,00000;-9999,00000;  10,91071;-9999,00000;  12,05430;  25,70702;  15,92143
2021-04-22 00:00:00; 24,06657;2365,95460;   4,25141;  67,16819;  13,33450; 235,92982;1006,92970;-9999,00000;  13,13999;   0,41958;  23,20507;   0,00666; 226,76505;-9999,00000;-9999,00000;  15,50000;-9999,00000;  11,75695;  25,72547;  22,02857
2021-04-17 00:00:00; 23,55617;2247,08700;   4,25243;  66,37698;   7,82474; 203,75000;1007,98456;-9999,00000;  13,21707;   0,00000;  23,06007;   0,00084; 152,33014;-9999,00000;-9999,00000;   4,84173;-9999,00000;  11,56908;  25,70619;   8,49281
2021-04-18 00:00:00; 23,76899;2283,22560;   4,24372;  87,67142;   7,48776;  52,38516;1006,08673;-9999,00000;  13,14247;   1,65493;  23,04401;   0,02247; 111,80891;-9999,00000;-9999,00000;   6,66308;-9999,00000;  10,52423;  25,74446;  10,11828
2021-04-19 00:00:00; 23,76496;2312,11820;   4,24873;  88,83040;   8,01958;  83,53357;1005,02160;-9999,00000;  13,12588;   0,00000;  23,12504;   0,00084; 100,72745;-9999,00000;-9999,00000;   5,68817;-9999,00000;  10,71594;  25,69363;   8,81362
2021-04-20 00:00:00; 23,82115;2436,05570;   4,25188;  83,79763;   9,23450; 161,79578;1003,18240;-9999,00000;  13,19494;   1,33333;  23,17982;   0,00084; 297,50293;-9999,00000;-9999,00000;   5,12230;-9999,00000;  11,70473;  25,70702;   8,28777
2021-04-21 00:00:00; 23,95439;2325,65750;   4,25155;  75,21960;  11,46425; 203,42105;1005,70844;-9999,00000;  13,09789;   0,00000;  23,20759;   0,00000; 210,48541;-9999,00000;-9999,00000;   8,01429;-9999,00000;  10,94632;  25,70661;  12,20000
2021-03-21 00:00:00; 25,68086;2174,79520;   4,25260;  63,00661;   1,24000; 150,01773;1006,24450;-9999,00000;-9999,00000;   0,00000;  23,71402;   0,00000; 321,34164; 146,13245;-9999,00000;   6,35612;-9999,00000;  10,78985;  25,70702;   9,76978
2021-03-22 00:00:00; 25,47322;2144,96200;   4,24911;  71,11410;   1,14632;  67,87234;1001,01917;-9999,00000;-9999,00000;   0,05300;  23,60889;   0,00000; 345,77990; 146,13245;-9999,00000;  13,44404;-9999,00000;  10,01004;  25,70702;  18,26354
2021-03-23 00:00:00; 25,26927;2095,49320;   4,25182;  59,24705;   4,35734; 172,10248;1007,66785;-9999,00000;-9999,00000;   0,00000;  23,56495;   0,00000; 331,82056; 146,13245;-9999,00000;  14,06835;-9999,00000;  10,85677;  25,70702;  19,53597
2021-03-24 00:00:00; 25,19982;2108,81250;   4,25184;  54,12847;   5,21748; 197,43816;1009,37530;-9999,00000;-9999,00000;   0,68662;  23,52419;   0,00000;   4,31902; 146,13245;-9999,00000;  16,17985;-9999,00000;  10,95906;  25,70492;  22,53957
2021-03-25 00:00:00; 25,08418;2157,12160;   4,25166;  60,19054;   3,65560; 206,87943;1011,43530;-9999,00000;-9999,00000;   0,00000;  23,48214;   0,00000; 341,59036; 146,13245;-9999,00000;   6,75451;-9999,00000;  11,05606;  25,70576;  10,76534
2021-03-26 00:00:00; 25,03462;2163,59720;   4,25169;  57,80601;   7,14301; 202,94014;1013,55280;-9999,00000;-9999,00000;   0,00000;  23,44384;   0,00000; 214,03671; 146,13245;-9999,00000;   4,08602;-9999,00000;  10,96154;  25,70408;   7,48029
2021-04-27 00:00:00; 24,22390;2398,95830;   4,25181;  60,39845;  10,94651; 150,53003;1002,48047;-9999,00000;  13,17913;   0,70175;  23,35982;   0,10856; 198,34795;-9999,00000;-9999,00000;   3,06115;-9999,00000;  11,72233;  25,84877;   6,17986
2021-04-25 00:00:00; 24,00104;2360,68750;   4,24648;  56,27153;  11,34774; 251,77817;1007,55490;-9999,00000;  13,17560;   0,00000;  23,31526;   0,00000; 195,61870;-9999,00000;-9999,00000;   7,06093;-9999,00000;  11,91601;  25,76844;  11,85305
2021-04-26 00:00:00; 24,02138;2267,47920;   4,25184;  56,68603;   9,19583; 225,00000;1007,59920;-9999,00000;  13,20621;   0,10490;  23,32703;   0,00000; 353,51337;-9999,00000;-9999,00000;   7,87500;-9999,00000;  11,93885;  25,82355;  12,87143
2021-04-28 00:00:00; 30,44412;2236,55030;   4,24938;  79,25565;  11,33958;  63,82867;1001,25415;-9999,00000;  13,09034;   0,74818;  26,66068;   0,28444; 102,03889;-9999,00000;-9999,00000;   5,81495;-9999,00000;  10,65897;  29,18422;   9,57651
2021-04-29 00:00:00; 27,50582;2428,33450;   4,25202;  74,59325;  14,75156; 233,63158;1000,73970;-9999,00000;  13,16995;   0,01894;  24,60958;   0,00083; 173,18039;-9999,00000;-9999,00000;  12,88889;-9999,00000;  11,85753;  26,73314;  19,88172
2021-03-20 00:00:00; 25,89396;2044,36110;   4,25296;  70,03566;   1,94000; 177,19858;1010,16547;-9999,00000;-9999,00000;   1,46127;  23,79295;   0,00000;  33,75178; 146,13245;-9999,00000;   5,64260;-9999,00000;  10,84109;  25,70576;   9,26354
2021-04-11 00:00:00; 23,90476;2268,04860;   4,25132;  52,69306;  11,76516; 191,93661;1010,09850;-9999,00000;  13,14419;   0,00000;  23,20801;   0,00000; 155,36156; 148,75000;-9999,00000;  11,79570;-9999,00000;  11,16258;  25,70702;  16,60932
2021-04-12 00:00:00; 23,97121;2217,24320;   4,24268;  50,81882;  14,58537; 211,28070;1007,05530;-9999,00000;  13,13875;   0,00000;  23,20801;   0,00000; 143,00021; 148,75000;-9999,00000;   9,36071;-9999,00000;  11,21998;  25,70702;  13,90000
2021-04-13 00:00:00; 24,07036;2203,93400;   4,24523;  86,48530;   7,24355;  43,44523;1005,97955;-9999,00000;  13,09621;   2,24561;  23,25620;   0,01498; 284,76944; 149,93170;-9999,00000;  12,48561;-9999,00000;  10,11922;  25,77951;  17,23022
2021-04-14 00:00:00; 23,95661;2141,16300;   4,24709;  90,62292;   4,32588;  55,14134;1007,41125;-9999,00000;  13,12971;   4,06690;  23,20298;   0,01508; 279,58080; 154,94560;-9999,00000;  10,13978;-9999,00000;  10,34397;  25,78722;  14,08602
2021-04-15 00:00:00; 23,74838;2150,38550;   4,24908;  87,16155;   4,35000;  67,81690;1010,10810;-9999,00000;  13,14601;   3,35088;  23,15249;   0,00418; 236,70297; 157,57056;-9999,00000;   5,96390;-9999,00000;  10,74133;  25,73311;   9,05415
2021-04-24 00:00:00; 24,07496;2388,21200;   4,25329;  58,81704;   9,17291; 272,78946;1012,60580;-9999,00000;  13,21773;   0,00000;  23,32703;   0,00000; 324,12500;-9999,00000;-9999,00000;   7,31183;-9999,00000;  12,15776;  25,72044;  11,89247
2021-04-04 00:00:00; 24,58013;1998,44450;   4,24779;  83,53311;   4,37123;  44,13428;1007,09250;-9999,00000;  13,12528;   2,02465;  23,48675;   0,00501; 335,27847; 147,30626;-9999,00000;  11,98561;-9999,00000;  10,06020;  25,85212;  16,43885
2021-04-05 00:00:00; 24,29668;2225,47220;   4,24916;  62,29340;   5,52035; 235,49646;1002,07820;-9999,00000;  13,20457;   0,30035;  23,38817;   0,00000; 217,08775; 147,79805;-9999,00000;  11,85921;-9999,00000;  11,50109;  25,82606;  17,41877
2021-04-07 00:00:00; 24,04016;2307,34380;   4,25216;  62,46218;   3,25053; 218,98936;1000,42720;-9999,00000;  13,24799;   0,00000;  23,27826;   0,00000; 295,66350; 148,75000;-9999,00000;  11,07914;-9999,00000;  11,59825;  25,74449;  16,02158
2021-04-06 00:00:00; 24,27858;2088,41300;   4,24527;  79,34242;   3,62203;  58,99293; 995,35220;-9999,00000;  13,15900;   1,19298;  23,29928;   0,00334; 307,81400; 148,28731;-9999,00000;  13,98921;-9999,00000;  10,41214;  25,86013;  19,44245
2021-04-08 00:00:00; 23,93084;2213,92360;   4,25356;  67,86365;   2,55490; 170,44327;1012,31970;-9999,00000;  13,27504;   0,15845;  23,22193;   0,00000; 281,61728; 148,75000;-9999,00000;  13,58484;-9999,00000;  11,62612;  25,70702;  18,89170
2021-04-10 00:00:00; 23,86667;2282,63180;   4,25210;  50,13794;   9,39163; 215,22887;1011,19635;-9999,00000;  13,17463;   0,00000;  23,19879;   0,00000; 161,74092; 148,75000;-9999,00000;  12,06115;-9999,00000;  11,31090;  25,70702;  17,68345
2021-03-16 00:00:00; 27,75439;2035,48270;   4,24934;  73,22993;   5,34231;  98,28622; 996,74130;-9999,00000;-9999,00000;   0,00000;  24,41357;   0,00000; 323,84198; 144,94171;-9999,00000;  19,31900;-9999,00000;   9,95419;  25,73394;  25,80645
2021-03-17 00:00:00; 26,94488;2006,39590;   4,25146;  71,86609;   4,96224; 107,18085;1000,79220;-9999,00000;-9999,00000;   0,00000;  24,19444;   0,00000; 332,24744; 144,94171;-9999,00000;  20,34532;-9999,00000;  10,14689;  25,82606;  27,53957
2021-03-18 00:00:00; 26,53953;1995,44790;   4,24969;  79,97285;   3,19266;  71,59010;1004,68180;-9999,00000;-9999,00000;   1,83099;  23,93002;   0,00418; 332,48032; 145,77545;-9999,00000;  14,91007;-9999,00000;   9,88255;  25,89182;  20,71583
2021-03-19 00:00:00; 26,13292;2049,97920;   4,25360;  69,93774;   2,28912; 141,24113;1006,07460;-9999,00000;-9999,00000;   0,54577;  23,86436;   0,00000; 328,84910; 146,13245;-9999,00000;   6,87365;-9999,00000;  10,58305;  25,74154;  10,42238
2021-04-16 00:00:00; 23,57255;2217,78470;   4,25287;  78,08230;   4,70210; 153,54610;1010,58700;-9999,00000;  13,23259;   0,00000;  23,10202;   0,00000; 258,87640;-9999,00000;-9999,00000;   8,02867;-9999,00000;  11,38489;  25,70702;  11,89247
2021-04-03 00:00:00; 24,73563;2089,69430;   4,25129;  69,29791;   7,45192; 122,76408;1002,27997;-9999,00000;  13,13927;   0,63158;  23,56033;   0,00084; 316,14166; 146,17589;-9999,00000;   8,14695;-9999,00000;  10,52786;  25,82984;  12,25448
2021-03-08 00:00:00; 24,44949;2054,59380;   4,25316;  61,67405;   1,91439; 164,91135;1007,25000;-9999,00000;-9999,00000;   0,00000;  23,24811;   0,00000; 250,20549; 120,66592;-9999,00000;   6,49097;-9999,00000;  10,41252;  25,70702;  10,23827
2021-03-10 00:00:00; 24,30173;2023,79520;   4,24171;  56,07766;   0,98596; 150,88968;1008,81040;-9999,00000;-9999,00000;   0,00000;  23,20505;   0,00000;  32,68671; 120,66592;-9999,00000;   7,39568;-9999,00000;  10,36324;  25,63903;  11,15468
2021-03-11 00:00:00; 24,21955;1957,90620;   4,25169;  55,26517;   2,88421; 163,79858;1009,32050;-9999,00000;-9999,00000;   0,00000;  23,14553;   0,00000; 148,92719; 120,66592;-9999,00000;  13,89892;-9999,00000;  10,26967;  25,59764;  20,46932
2021-03-12 00:00:00; 24,26766;1919,34720;   4,25029;  73,26538;   7,68327;  94,55830;1003,74750;-9999,00000;-9999,00000;   1,21053;  23,08563;   0,02088; 213,34482; 121,48947;-9999,00000;  19,49462;-9999,00000;   9,50403;  25,62480;  26,72401
2021-03-14 00:00:00; 24,55322;1870,56950;   4,25026;  84,76330;   7,84405;  73,13380; 996,95740;-9999,00000;-9999,00000;   2,87719;  23,17774;   0,01498; 180,83916; 133,42937;-9999,00000;  12,50360;-9999,00000;   9,21188;  25,70069;  17,58993
2021-03-15 00:00:00; 27,12073;1788,31590;   4,24292;  86,38165;   4,98497;  31,02473; 993,37620;-9999,00000;-9999,00000;   1,96491;  23,56795;   0,03173; 338,25757; 141,68530;-9999,00000;  22,64748;-9999,00000;   8,77103;  25,78813;  30,52518
2021-04-01 00:00:00; 24,88322;2252,87840;   4,24150;  68,88004;  14,04321; 191,42105;1006,63010;-9999,00000;  13,11965;   0,15734;  23,51444;   0,00000; 215,89069; 146,13245;-9999,00000;   6,75357;-9999,00000;  10,79881;  25,81269;  10,57500
2021-03-09 00:00:00; 24,37476;2082,10420;   4,25326;  58,09138;   0,76947; 151,31206;1009,64870;-9999,00000;-9999,00000;   0,00000;  23,21517;   0,00000;   3,22394; 120,66592;-9999,00000;   8,60650;-9999,00000;  10,48674;  25,70576;  12,62094
2021-04-02 00:00:00; 24,86942;2242,06250;   4,25065;  66,76826;  13,12917; 133,25705;1000,57800;-9999,00000;  13,13895;   0,01748;  23,56328;   0,00000; 293,05136; 146,13245;-9999,00000;  11,26165;-9999,00000;  10,82116;  25,82439;  15,67025
2021-04-30 00:00:00; 26,86286;2330,73360;   4,25180;  69,17866;  17,60208; 230,62936;1001,07350;-9999,00000;  13,12958;   0,00000;  24,33264;   0,00083; 204,45107;-9999,00000;-9999,00000;  10,38790;-9999,00000;  11,74670;  26,38725;  15,74377
2021-03-06 00:00:00; 24,71235;2007,00000;   4,25198;  59,58969;   2,01053; 150,47873;1019,98364;-9999,00000;-9999,00000;   0,00000;  23,32872;   0,00000;  21,29710; 120,66592;-9999,00000;  12,35971;-9999,00000;  10,32138;  25,70702;  17,47122
2021-03-07 00:00:00; 24,53312;2060,82980;   4,25311;  57,71396;   0,89333; 169,75177;1015,44480;-9999,00000;-9999,00000;   0,00000;  23,32661;   0,00000; 183,56648; 120,66592;-9999,00000;   6,69314;-9999,00000;  10,34427;  25,70702;  10,54874
2021-01-13 00:00:00; 26,17924;1552,10770;   4,24632;  86,71883;   0,36561;  73,65248;1002,25620;   1,33546;  12,94953;   0,00000;  23,56495;   0,00084; 249,96112;-9999,00000;-9999,00000;  12,35379;-9999,00000;   7,67676;  25,52718;  17,18412
2021-01-14 00:00:00; 26,22444;1405,52430;   4,25056;  86,94613;   0,10807;  46,06383; 999,84770;   0,97046;  12,96544;   0,01761;  23,56495;   0,00000; 264,80260;-9999,00000;-9999,00000;  12,13718;-9999,00000;   6,98974;  25,47037;  17,18412
2021-02-26 00:00:00; 25,62574;1953,84420;   4,25158;  76,02776;   9,76376; 136,70175;1016,39984;   0,00000;-9999,00000;   1,91638;  23,48520;   0,00000; 208,97647; 119,23801;-9999,00000;   2,87143;-9999,00000;   9,50612;  25,70846;   5,10714
2021-03-29 00:00:00; 24,90297;2233,04170;   4,25219;  56,86094;   8,78462; 191,50177;1021,74060;-9999,00000;-9999,00000;   0,00000;  23,47739;   0,00000; 283,07117; 146,13245;-9999,00000;   5,69065;-9999,00000;  10,97144;  25,70702;   9,37410
2021-03-30 00:00:00; 24,85934;2084,68070;   4,25075;  58,85183;  11,17361; 166,22807;1019,52570;-9999,00000;-9999,00000;   0,00000;  23,44594;   0,00000; 172,51216; 146,13245;-9999,00000;   3,23929;-9999,00000;  10,54197;  25,70493;   6,25000
2021-03-31 00:00:00; 24,87235;2188,88900;   4,25132;  63,92148;  13,11458; 193,78947;1015,05540;-9999,00000;  13,16639;   0,00000;  23,45430;   0,00000;  13,85073; 146,13245;-9999,00000;   4,93929;-9999,00000;  10,95762;  25,70702;   8,57500
2021-01-23 00:00:00; -9999,00000;1513,06590;   4,23631;  75,76196;   9,29652;  25,70423; 991,79736;-9999,00000;  12,90671;   0,45455;-9999,00000;   0,00250; 156,46440;-9999,00000;-9999,00000;  24,12186;-9999,00000;   6,59117;-9999,00000;  33,94624
2021-01-25 00:00:00; -9999,00000;1533,09030;   4,25043;  90,18009;   2,16818;  57,35815; 990,70450;-9999,00000;  13,07904;   1,93662;-9999,00000;   0,03101; 258,41797;-9999,00000;-9999,00000;  16,93502;-9999,00000;   7,72488;-9999,00000;  23,21661
2021-01-24 00:00:00; -9999,00000;1682,30210;   4,24320;  85,73656;   7,15175;  45,68662; 988,45245;-9999,00000;  13,01577;   1,12281;-9999,00000;   0,03828; 172,02640;-9999,00000;-9999,00000;  12,46237;-9999,00000;   7,52761;-9999,00000;  17,86738
2021-01-27 00:00:00; -9999,00000;1756,14930;   4,24902;  87,41609;  -0,16000;  89,18439;1004,07190;-9999,00000;  13,17798;   0,52817;-9999,00000;   0,00000; 305,26587;-9999,00000;-9999,00000;   7,56115;-9999,00000;   8,78137;-9999,00000;  10,82374
2021-03-13 00:00:00; 24,42397;1935,25700;   4,25168;  80,93569;   8,37665; 160,24648;1003,79430;-9999,00000;-9999,00000;   1,77193;  23,08862;   0,01748; 169,32599; 131,33183;-9999,00000;  10,94624;-9999,00000;  10,19430;  25,67425;  16,08244
2021-01-28 00:00:00; -9999,00000;1633,42360;   4,25154;  86,58609;  -1,03263;  58,07829;1001,88160;-9999,00000;  13,15494;   0,03534;-9999,00000;   0,00000; 228,60226;-9999,00000;-9999,00000;   9,09058;-9999,00000;   8,17530;-9999,00000;  13,31159
2021-02-02 00:00:00; -9999,00000;1764,81950;   4,22324;  96,15575;   1,54056;  24,45036;1003,07837;-9999,00000;  12,82751;   2,62324;-9999,00000;   0,00335; 182,90918;-9999,00000;-9999,00000;   6,29496;-9999,00000;   7,19774;-9999,00000;   9,96403
2021-02-01 00:00:00; -9999,00000;1543,63890;   4,22920;  94,54423;   0,10458;  20,78014; 993,46480;-9999,00000;  12,82439;   4,47183;-9999,00000;   0,01508; 208,06796;-9999,00000;-9999,00000;   3,07220;-9999,00000;   6,95980;-9999,00000;   4,63177
2021-02-03 00:00:00; -9999,00000;1652,44450;   4,24231;  91,88961;   6,78531;  67,28873;1003,19275;-9999,00000;  13,00700;   2,26316;-9999,00000;   0,00000; 172,01960;-9999,00000;-9999,00000;  13,91007;-9999,00000;   8,20970;-9999,00000;  19,99640
2021-02-04 00:00:00; -9999,00000;1746,76730;   4,25133;  81,02250;   9,27805;  87,30634;1004,10300;-9999,00000;  13,09219;   0,87719;-9999,00000;   0,00915; 248,71281;-9999,00000;-9999,00000;  13,54839;-9999,00000;   8,67684;-9999,00000;  18,87455
2021-01-22 00:00:00; -9999,00000;1622,81590;   4,25036;  81,79707;   7,49756;  48,85159;1000,32587;-9999,00000;  13,05880;   0,03509;-9999,00000;   0,00000; 160,28583;-9999,00000;-9999,00000;  21,44803;-9999,00000;   7,58504;-9999,00000;  30,32258
2021-04-09 00:00:00; 23,85056;2226,39580;   4,25321;  58,44866;   4,41509; 245,28268;1017,09660;-9999,00000;  13,25101;   0,01761;  23,20801;   0,00000; 159,70808; 148,75000;-9999,00000;   8,73022;-9999,00000;  11,65108;  25,70702;  13,70504
2021-03-03 00:00:00; 24,98716;1952,18750;   4,25226;  68,89003;   6,31958; 158,78091;1020,42520;-9999,00000;-9999,00000;   0,45614;  23,36653;   0,00000; 205,66484; 119,23818;-9999,00000;   5,06093;-9999,00000;   9,97833;  25,70576;   8,23297
2021-03-04 00:00:00; 24,90389;1865,27090;   4,25093;  70,97139;   5,75385;  98,00353;1009,12994;-9999,00000;-9999,00000;   0,00000;  23,34890;   0,00000; 187,72617; 119,23818;-9999,00000;   6,34532;-9999,00000;   9,61517;  25,70702;   9,05036
2021-03-05 00:00:00; 24,82856;2001,98270;   4,24655;  76,52800;   5,45385;  79,77032;1005,88306;-9999,00000;-9999,00000;   0,94737;  23,32031;   0,00501; 235,59060; 119,71748;-9999,00000;  12,46931;-9999,00000;   9,31425;  25,72258;  17,05415
2021-01-29 00:00:00; -9999,00000;1556,78820;   4,24646;  94,45877;   4,04176;  32,19081; 992,61000;-9999,00000;  12,97128;   3,92606;-9999,00000;   0,02338; 191,27142;-9999,00000;-9999,00000;  11,32734;-9999,00000;   7,15561;-9999,00000;  16,18345
2021-01-31 00:00:00; -9999,00000;1589,47570;   4,23819;  90,25547;   0,87544;  19,76950; 992,72534;-9999,00000;  12,94142;   2,25352;-9999,00000;   0,01089;  26,08971;-9999,00000;-9999,00000;  14,75812;-9999,00000;   6,77470;-9999,00000;  20,85560
2021-01-26 00:00:00; -9999,00000;1706,86460;   4,24024;  91,98739;   0,56268;  25,65603;1000,70010;-9999,00000;  12,94543;   0,70423;-9999,00000;   0,00000; 309,52338;-9999,00000;-9999,00000;   7,69314;-9999,00000;   7,01754;-9999,00000;  11,05415
2021-02-10 00:00:00; -9999,00000;1609,04490;   4,24534;  92,66173;   6,99202;  38,99293; 994,40400;-9999,00000;  12,97191;   2,97203;-9999,00000;   0,01244; 158,94987;-9999,00000;-9999,00000;  10,91429;-9999,00000;   7,61835;-9999,00000;  15,61786
2021-02-27 00:00:00; 25,51429;1988,37160;   4,25124;  76,11769;   6,57979;  95,44014;1017,33560;-9999,00000;-9999,00000;   0,82456;  23,56160;   0,00000; 358,55936; 119,23818;-9999,00000;  11,23022;-9999,00000;   9,60110;  25,70660;  15,80216
2021-02-14 00:00:00; -9999,00000;1794,98270;   4,25311;  81,56822;  -3,07254; 106,75000;1025,02150;-9999,00000;  13,23784;   0,00000;-9999,00000;   0,00000; 357,63876;-9999,00000;-9999,00000;   7,89855;-9999,00000;   9,28060;-9999,00000;  11,39493
2021-02-15 00:00:00; -9999,00000;1810,87160;   4,24094;  80,14570;  -2,34772; 126,24113;1024,67830;-9999,00000;  13,31187;   0,00000;-9999,00000;   0,00000; 316,04694;-9999,00000;-9999,00000;   6,40072;-9999,00000;   9,74392;-9999,00000;   9,28520
2021-02-11 00:00:00; -9999,00000;1557,04860;   4,23660;  86,74609;  -0,38380;  16,70213;1002,11380;-9999,00000;  12,81910;   1,19718;-9999,00000;   0,00252; 306,69543;-9999,00000;-9999,00000;  22,97112;-9999,00000;   7,10085;-9999,00000;  30,99639
2021-02-09 00:00:00; -9999,00000;1631,06620;   4,24281;  92,18777;   6,17902;  54,41901; 992,72840;-9999,00000;  12,95895;   3,48592;-9999,00000;   0,01676; 178,70847;-9999,00000;-9999,00000;  10,07581;-9999,00000;   7,91010;-9999,00000;  14,58845
2021-02-18 00:00:00; -9999,00000;1844,93750;   4,25118;  85,27502;   4,22797; 127,64185;1011,33050;-9999,00000;  13,16882;   1,59649;-9999,00000;   0,00000; 322,40323;-9999,00000;-9999,00000;   4,62230;-9999,00000;   9,49124;-9999,00000;   7,33453
2021-02-16 00:00:00; -9999,00000;1870,73270;   4,25174;  79,60888;  -1,37148;  83,30961;1018,29880;-9999,00000;  13,23411;   1,48410;-9999,00000;   0,00000; 131,05438;-9999,00000;-9999,00000;   5,34783;-9999,00000;   9,01505;-9999,00000;   8,19203
2021-02-17 00:00:00; -9999,00000;1810,58340;   4,24768;  82,27334;   1,40421;  40,91873;1009,61383;-9999,00000;  13,05973;   0,63380;-9999,00000;   0,00084; 198,92401;-9999,00000;-9999,00000;   8,96763;-9999,00000;   8,14562;-9999,00000;  12,79137
2021-02-12 00:00:00; -9999,00000;1781,67710;   4,24603;  81,28262;  -6,90318;  97,83929;1018,47830;-9999,00000;  13,21801;   0,00000;-9999,00000;   0,00000; 300,70140;-9999,00000;-9999,00000;  10,24000;-9999,00000;   9,42263;-9999,00000;  14,37454
2021-02-13 00:00:00; -9999,00000;1889,26390;   4,25368;  78,25410;  -7,19149; 124,05018;1023,83575;-9999,00000;  13,35319;   0,65836;-9999,00000;   0,00000; 349,89030;-9999,00000;-9999,00000;   5,55636;-9999,00000;   9,74438;-9999,00000;   8,66182
2021-01-10 00:00:00; 26,03573;1459,02430;   4,23996;  97,09599;  -1,67852;  19,27046;1012,70776;   1,22695;  12,85551;   3,87324;  23,81995;   0,00000;  26,98194;-9999,00000;-9999,00000;  10,25271;-9999,00000;   6,35816;  25,77797;  14,59567
2021-01-11 00:00:00; 25,79345;1602,97220;   4,24041;  95,78533;  -0,68521;  26,36525;1010,39790;   1,10926;  12,83391;   0,00000;  23,71796;   0,00084;  25,28456;-9999,00000;-9999,00000;   4,74368;-9999,00000;   6,61589;  25,71380;   7,16967
2021-01-08 00:00:00; 26,69440;1386,53120;   4,24388;  92,81488;   0,92105;  23,84342;1005,59186;   2,65993;  12,85809;   2,45583;  24,11784;   0,00000;  33,49226;-9999,00000;-9999,00000;   6,42960;-9999,00000;   6,45908;  25,96606;   9,74729
2021-02-19 00:00:00; -9999,00000;1837,97570;   4,25036;  86,60055;   3,78983;  55,17730;1014,10920;-9999,00000;  13,09124;   2,28873;-9999,00000;   0,00000; 153,75317;-9999,00000;-9999,00000;  12,44964;-9999,00000;   8,49793;-9999,00000;  17,92446
2021-01-09 00:00:00; 26,31720;1672,79520;   4,24879;  94,64597;  -1,26456;  65,60284;1011,43353;   1,66655;  13,07103;   3,85159;  23,97194;   0,00000;  68,21774;-9999,00000;-9999,00000;   4,31769;-9999,00000;   7,90579;  25,84802;   6,95307
2021-01-05 00:00:00; 28,78751;1374,09720;   4,22865;  94,81129;   4,88182;  19,13427;1001,51746;   5,68553;  12,71367;   1,66667;  25,14565;   0,00501; 240,90494;-9999,00000;-9999,00000;  12,38129;-9999,00000;   6,20899;  26,24397;  17,56115
2021-01-04 00:00:00; 27,83805;1523,05210;   4,24004;  94,45506;   5,98462;  15,86572;1002,26300;   5,20672;  12,75058;   3,56140;  24,20967;   0,01914;  60,31281;-9999,00000;-9999,00000;   6,51254;-9999,00000;   6,25277;  26,05640;   9,57706
2021-01-03 00:00:00; 26,78512;1526,68410;   4,24668;  85,37462;   6,49860;  26,37809;1004,27527;   4,46361;  12,89932;   0,82456;  24,22006;   0,00919; 138,95584;-9999,00000;-9999,00000;  13,24820;-9999,00000;   6,58451;  26,11953;  18,99640
2021-01-02 00:00:00; 27,25103;1620,78470;   4,25025;  80,16465;   4,99895;  67,40282;1007,01495;   4,07376;  13,04746;   0,00000;  24,53308;   0,00000; 126,46447;-9999,00000;-9999,00000;  12,38489;-9999,00000;   8,07417;  26,29095;  17,48561
2021-01-15 00:00:00; 25,99328;1612,31950;   4,24995;  88,75906;  -2,03768;  46,08541;1006,82840;   0,66334;  13,03808;   0,30035;  23,56495;   0,00000; 293,74567;-9999,00000;-9999,00000;   8,41667;-9999,00000;   7,43747;  25,40602;  12,22826
2021-01-19 00:00:00; -9999,00000;1666,24660;   4,24458;  92,12371;  -1,44894;  42,69503;1013,02210;-9999,00000;  12,80580;   0,00000;-9999,00000;   0,00251; 185,80690;-9999,00000;-9999,00000;  12,28159;-9999,00000;   6,84204;-9999,00000;  16,85920
2021-01-17 00:00:00; 25,47715;1595,78120;   4,24674;  91,21401;  -4,54205;  56,01786;1008,66950;   0,05068;  12,88729;   0,60284;  23,45905;   0,00084; 273,42847;-9999,00000;-9999,00000;   5,28623;-9999,00000;   6,97506;  25,34998;   7,86232
2021-01-16 00:00:00; 25,68544;1606,70480;   4,24862;  86,87964;  -4,32676;  40,46429;1009,95970;   0,33132;  13,05285;   0,00000;  23,56199;   0,00000; 238,40347;-9999,00000;-9999,00000;   4,71739;-9999,00000;   7,75736;  25,34879;   7,26812
2021-01-07 00:00:00; 27,08305;1627,63200;   4,24778;  91,26447;   3,06947;  59,18728;1005,30035;   4,20390;  12,98067;   2,49123;  24,29712;   0,00084; 235,18411;-9999,00000;-9999,00000;   6,19784;-9999,00000;   7,82168;  26,10368;   9,18705
2021-01-06 00:00:00; 27,44028;1559,42360;   4,23062;  92,94775;   4,35909;  20,93640;1002,92010;   4,41837;  12,70439;   2,95775;  24,52464;   0,00167; 139,76187;-9999,00000;-9999,00000;  10,40288;-9999,00000;   6,53138;  26,26029;  15,00360
2021-02-28 00:00:00; 25,36649;1942,94090;   4,24991;  72,79138;   4,42842; 145,14134;1022,99866;-9999,00000;-9999,00000;   0,77465;  23,48475;   0,00000; 311,08820; 119,23818;-9999,00000;   6,38489;-9999,00000;  10,04560;  25,70702;   9,75540
2021-03-28 00:00:00; 24,99085;2145,97100;   4,25144;  52,43423;   9,23527; 147,32600;1019,48410;-9999,00000;-9999,00000;   0,00000;  23,44858;   0,00000; 298,15414; 146,13243;-9999,00000;  12,12687;-9999,00000;  11,14832;  25,70702;  16,75373
2021-03-27 00:00:00; 25,00430;2168,66300;   4,25147;  58,50111;   9,19756; 203,19788;1013,05566;-9999,00000;-9999,00000;   0,00000;  23,44594;   0,00000; 156,75812; 146,13245;-9999,00000;   9,54839;-9999,00000;  10,86708;  25,70660;  13,62007
2021-01-21 00:00:00; -9999,00000;1708,77430;   4,25128;  84,93547;   4,61469;  76,97880;1007,02340;-9999,00000;  13,11316;   0,00000;-9999,00000;   0,00000; 160,23535;-9999,00000;-9999,00000;  17,49640;-9999,00000;   8,32899;-9999,00000;  24,75540
2021-01-20 00:00:00; -9999,00000;1690,86110;   4,24788;  86,98845;   1,78105;  42,58865;1009,33950;-9999,00000;  12,96130;   0,00000;-9999,00000;   0,00000; 175,45204;-9999,00000;-9999,00000;  14,85199;-9999,00000;   7,49252;-9999,00000;  20,50541
2021-01-18 00:00:00; -9999,00000;1546,62840;   4,25042;  88,19616;  -5,65352;  65,48214;1013,86390;-9999,00000;  13,07003;   2,42908;-9999,00000;   0,00000; 209,33640;-9999,00000;-9999,00000;   4,78261;-9999,00000;   7,94186;-9999,00000;   7,23913
2021-01-30 00:00:00; -9999,00000;1840,45840;   4,25155;  90,33246;   6,23728;  86,36042; 990,20430;-9999,00000;  13,11162;   2,68421;-9999,00000;   0,00084; 217,27751;-9999,00000;-9999,00000;   9,86022;-9999,00000;   8,64296;-9999,00000;  13,69892
2021-03-02 00:00:00; 25,08053;2043,77090;   4,25160;  75,55283;   4,01503; 155,47704;1024,76600;-9999,00000;-9999,00000;   0,91228;  23,42197;   0,00000; 310,54050; 119,23818;-9999,00000;   4,59712;-9999,00000;  10,21727;  25,70660;   7,57554
2021-03-01 00:00:00; 25,21369;1939,94790;   4,25280;  73,00433;   4,05384; 149,34398;1021,52045;-9999,00000;-9999,00000;   0,17606;  23,44594;   0,00000; 356,12762; 119,23818;-9999,00000;   7,98921;-9999,00000;  10,17057;  25,70702;  11,94964
2021-02-20 00:00:00; -9999,00000;1729,72220;   4,24063;  93,24269;   3,20909;  28,28622;1016,93570;-9999,00000;  12,97069;   2,99296;-9999,00000;   0,01253;  47,87511;-9999,00000;-9999,00000;   4,38849;-9999,00000;   7,85464;-9999,00000;   6,98561
2021-02-21 00:00:00; -9999,00000;1885,04520;   4,24868;  89,41756;   3,49231; 133,97163;1020,16520;-9999,00000;  13,18212;   3,49123;-9999,00000;   0,00084; 113,94669;-9999,00000;-9999,00000;   6,50719;-9999,00000;   9,75020;-9999,00000;   9,84532
2021-02-22 00:00:00; -9999,00000;1951,21530;   4,25260;  82,89951;   5,35544; 136,53711;1019,45390;-9999,00000;  13,20485;   2,14035;-9999,00000;   0,00000; 121,31435;-9999,00000;-9999,00000;   6,01079;-9999,00000;   9,73554;-9999,00000;   8,85971
2021-02-23 00:00:00; -9999,00000;2001,21950;   4,25268;  82,98825;   6,54475; 136,25000;1022,71735;-9999,00000;  13,08970;   2,37676;-9999,00000;   0,00000;  51,09797;-9999,00000;-9999,00000;   4,32734;-9999,00000;   9,09129;-9999,00000;   6,83453
2021-02-24 00:00:00; -9999,00000;1951,48440;   4,25195;  81,56865;   7,29443; 127,77385;1026,33370;-9999,00000;  13,12440;   2,21053;-9999,00000;   0,00000;  67,55846;-9999,00000;-9999,00000;   2,73835;-9999,00000;   9,49802;-9999,00000;   5,01075
2021-02-25 00:00:00; -9999,00000;2074,84900;   4,25189;  77,78568;   8,81119; 131,74911;1023,45920;-9999,00000;  13,09765;   1,93662;-9999,00000;   0,00000; 149,01537;-9999,00000;-9999,00000;   3,03971;-9999,00000;   9,36942;-9999,00000;   5,06137
