DATE; Légnyomás; Fagy; Napelem töltőfeszültség; Talajnedvesség 90 cm; Levegő-hőmérséklet; Széllökés; Talajnedvesség 30 cm; Talajnedvesség 60 cm; Fényegység; Talajnedvesség 120 cm; Csapadék; Külső akkufeszültség; Besugárzás; Levélnedvesség; Belső akkufeszültség; Szélsebesség; Levegő-páratartalom; Talajhőmérséklet 0 cm; Szélirány
2021-04-09 00:00:00; 1018,25555;-9999,00000;  11,52811;  34,27458;   6,03617;   4,87545;  30,24424;  32,57776;2175,89230;-9999,00000;   0,00000;  13,29801; 238,37413;   5,01742;   4,24681;   0,24199;  58,04699;   6,28475; 319,52847
2021-04-08 00:00:00; 1014,01840;-9999,00000;  11,39214;  34,26783;   2,66904;   5,90000;  30,32811;  32,66175;2164,56600;-9999,00000;   0,00076;  13,33349; 153,42105;   5,03496;   4,24711;   1,00357;  70,79153;   5,81773; 357,31903
2021-04-07 00:00:00; 1002,31760;-9999,00000;  11,54111;  34,27500;   3,44645;   4,60854;  30,38719;  32,76894;2203,03800;-9999,00000;   0,00000;  13,31523; 201,04895;   5,03496;   4,24706;   0,38790;  58,21799;   6,28866;   4,31260
2021-04-06 00:00:00; 996,92880;-9999,00000;   9,88563;  34,31589;   4,47128;   5,49110;  30,51470;  32,81284;1995,09380;-9999,00000;   0,00152;  13,18795;  75,15734;   5,03496;   4,24551;   1,08897;  68,61474;   7,22270; 347,82806
2021-04-05 00:00:00; 1003,01380;-9999,00000;  11,46663;  34,39396;   6,48551;   5,99644;  30,60494;  32,80664;2236,04860;-9999,00000;   0,00000;  13,26907; 227,77972;   5,01742;   4,24653;   0,57295;  55,47404;   7,66856; 345,82645
2021-04-04 00:00:00; 1009,08110;-9999,00000;  10,96168;  34,39396;   6,38901;   6,40925;  30,73716;  32,90812;2136,52780;-9999,00000;   0,00076;  13,22676; 133,95105;   5,03496;   4,24575;   1,16726;  66,49945;   8,50213;  58,16907
2021-02-02 00:00:00; 1004,74960;-9999,00000;   6,78075;  35,00931;  -0,11281;   2,03929;  32,58995;  33,33827;1526,53820;-9999,00000;   0,00457;  12,93809;  25,17544;   5,05263;   4,24001;   0,15714;  99,96983;   1,35623; 307,38070
2021-02-01 00:00:00; 995,59955;-9999,00000;   7,32500;  35,21010;  -1,31322;   3,43571;  32,84529;  33,34376;1538,73270;-9999,00000;   0,00611;  13,06906;  43,24561;   5,05263;   4,24412;   0,63571;  95,68986;   1,18541;  12,41814
2021-01-31 00:00:00; 995,56506;-9999,00000;   7,42776;  35,57849;   0,21495;  21,21429;  32,21647;  33,16594;1545,57980;-9999,00000;   0,00076;  13,10313;  44,29824;   5,03496;   4,24479;  12,05357;  90,02130;   2,34021;  91,73109
2021-01-30 00:00:00; 991,40190;-9999,00000;   8,16561;  35,70641;   7,11307;   2,75887;  32,79195;  33,27391;1583,29860;-9999,00000;   0,00000;  13,09378;  66,51568;   5,03496;   4,24310;   0,70922;  85,44119;   3,57350; 352,25696
2021-01-29 00:00:00; 993,51590;-9999,00000;   6,75458;  35,65366;   4,17411;   5,53737;  33,45471;  33,36824;1594,35770;-9999,00000;   0,01371;  12,98296;  27,09790;   5,01742;   4,24074;   2,22420;  97,03450;   1,85673; 333,62674
2021-01-04 00:00:00; 1004,34564;-9999,00000;   6,20534;  34,64753;   5,00461;   2,80142;  31,16959;  32,89254;1583,76040;-9999,00000;   0,00910;  12,90254;  28,98601;   5,03496;   4,24151;   1,08511;  98,39802;   4,11277; 187,61008
2021-01-03 00:00:00; 1005,89590;-9999,00000;   6,30290;  34,80083;   5,76572;   6,69751;  30,80842;  33,01238;1632,10770;-9999,00000;   0,00000;  12,90953;  31,55594;   5,03496;   4,24204;   2,35943;  89,13484;   4,27128; 228,03423
2021-01-02 00:00:00; 1008,48360;-9999,00000;   7,70143;  35,14245;   5,07837;  12,71174;  31,19530;  33,27599;1604,62160;-9999,00000;   0,00000;  13,03753;  54,93031;   5,01742;   4,23955;   5,73665;  82,52078;   4,14735; 231,21428
2021-01-14 00:00:00; 1001,54330;-9999,00000;   6,47977;  34,38718;   0,49893;  13,48043;  30,50250;  32,48674;1552,72910;-9999,00000;   0,00000;  12,94518;  31,59649;   5,03496;   4,24450;   7,46263;  83,05085;   1,13132; 345,30978
2021-02-04 00:00:00; 1005,50780;-9999,00000;   8,60045;  34,75098;   9,70846;   8,34276;  31,41315;  33,02353;1691,00700;-9999,00000;   0,00151;  13,11623;  87,44791;   5,01742;   4,24471;   2,51943;  76,97201;   5,47704; 343,12665
2021-02-03 00:00:00; 1003,99493;-9999,00000;   7,86482;  34,89146;   6,53816;   9,90036;  31,99758;  33,07865;1623,99300;-9999,00000;   0,00152;  13,05867;  61,64336;   5,01742;   4,24193;   1,74733;  90,87018;   3,09717; 299,36270
2021-03-01 00:00:00; 1024,04650;-9999,00000;   9,81782;  34,27332;   4,61454;   8,00712;  30,72561;  32,77049;1809,17020;-9999,00000;   0,00000;-9999,00000; 126,31119;   5,03496;   4,24617;   3,37367;  76,38058;   4,19753;  56,42449
2021-02-28 00:00:00; 1025,16960;-9999,00000;   9,80958;  34,27500;   4,96890;   1,66786;  30,83501;  32,79890;1807,40970;-9999,00000;   0,00000;-9999,00000; 130,71678;   5,01742;   4,24635;   0,08929;  72,95167;   4,85461;  17,35031
2021-02-27 00:00:00; 1019,85370;-9999,00000;   8,75731;  34,27500;   7,37385;   1,80496;  30,93880;  32,82598;1708,22220;-9999,00000;   0,00000;-9999,00000;  81,93380;   5,01742;   4,24436;   0,21986;  78,76529;   5,70248;  49,79526
2021-02-13 00:00:00; 1025,99270;-9999,00000;   9,43888;  34,90615;  -6,00932;   0,87814;  31,25321;  33,37487;1705,99300;-9999,00000;   0,00000;  13,36434; 107,13781;   5,07042;   4,24833;   0,01075;  70,44456;  -0,36679;  15,20251
2021-01-06 00:00:00; 1004,25690;-9999,00000;   6,32897;  34,68766;   4,41986;   5,80783;  31,35318;  33,08668;1440,64590;-9999,00000;   0,00228;  12,85763;  30,62937;   5,03496;   4,24036;   2,23843;  95,11488;   4,61454; 247,91791
2021-01-05 00:00:00; 1003,03450;-9999,00000;   6,01285;  34,69882;   4,87270;  11,20641;  32,83311;  33,37592;1461,88890;-9999,00000;   0,00305;  12,81573;  24,54704;   5,01742;   4,23957;   4,78648;  95,50317;   5,00212; 347,58920
2021-03-21 00:00:00; 1008,57830;-9999,00000;  10,95832;  34,49445;   1,80854;   1,15000;  30,24634;  32,59801;2128,84720;-9999,00000;   0,00000;-9999,00000; 189,66667;   5,03496;   4,24689;   0,01786;  56,81857;   3,57943;  11,52901
2021-03-20 00:00:00; 1012,30870;-9999,00000;  10,50244;  34,51089;   1,63701;   1,70000;  30,26333;  32,60896;2010,76390;-9999,00000;   0,00000;-9999,00000; 146,77193;   5,05263;   4,24682;   0,08929;  66,73543;   3,89288;  88,04074
2021-03-05 00:00:00; 1007,66970;-9999,00000;   9,09921;  34,27500;   6,61667;   9,02128;  30,64321;  32,67580;1791,16320;-9999,00000;   0,00152;-9999,00000;  67,80488;   5,01742;   4,24480;   2,45390;  72,50860;   5,22756;   7,46901
2021-03-04 00:00:00; 1010,53080;-9999,00000;   9,12283;  34,27458;   8,09329;   0,23132;  30,61121;  32,61990;1788,29160;-9999,00000;   0,00000;-9999,00000; 100,85366;   5,01742;   4,24423;   0,00356;  61,84097;   5,07244; 336,25195
2021-03-03 00:00:00; 1022,00870;-9999,00000;   9,88762;  34,23084;   7,58445;   0,52128;  30,60282;  32,62324;1825,13890;-9999,00000;   0,00000;-9999,00000; 145,87108;   5,01742;   4,24528;   0,00709;  63,79621;   4,61414; 343,12524
2021-03-02 00:00:00; 1026,86980;-9999,00000;   9,99897;  34,23616;   5,10425;   0,63701;  30,63159;  32,66632;1843,94450;-9999,00000;   0,00000;-9999,00000; 141,80070;   5,01742;   4,24602;   0,00712;  74,37537;   4,12553;   4,74434
2021-01-22 00:00:00; 1000,86130;-9999,00000;   6,80686;  34,63234;   7,80813;  11,46454;  30,27061;  32,37191;1652,83680;-9999,00000;   0,00076;  13,00540;  33,36237;   5,01742;   4,24364;   1,44326;  79,66919;   3,18339; 274,83667
2021-03-26 00:00:00; 1015,31150;-9999,00000;  10,82381;  34,27290;   7,19717;   0,28826;  30,25300;  32,56150;2079,39580;-9999,00000;   0,00000;-9999,00000; 191,53310;   5,03496;   4,24571;   0,00356;  61,03177;   5,40672; 357,24630
2021-03-25 00:00:00; 1013,81870;-9999,00000;  10,92119;  34,28134;   3,35106;   0,79004;  30,21255;  32,57611;2109,30570;-9999,00000;   0,00000;-9999,00000; 202,22807;   5,03496;   4,24636;   0,00712;  63,62242;   4,23121;   8,08507
2021-03-24 00:00:00; 1012,32310;-9999,00000;   9,60540;  34,33781;   4,29788;   4,33096;  30,27671;  32,60602;1987,78120;-9999,00000;   0,00152;-9999,00000;  85,19231;   5,03496;   4,24483;   0,31673;  75,28358;   4,74646;  22,06837
2021-03-23 00:00:00; 1010,15204;-9999,00000;  10,87866;  34,39312;   5,28936;   4,60854;  30,16907;  32,58030;2056,14580;-9999,00000;   0,00000;-9999,00000; 151,66084;   5,01742;   4,24612;   0,36655;  51,90435;   3,80461;  14,54358
2021-03-22 00:00:00; 1003,47107;-9999,00000;   9,64786;  34,41128;   2,75496;  10,12500;  30,23576;  32,60897;1994,02090;-9999,00000;   0,00000;-9999,00000;  71,74825;   5,03496;   4,24524;   2,68214;  66,65438;   3,68829;  45,95870
2021-01-11 00:00:00; 1012,58466;-9999,00000;   6,07142;  34,40032;  -0,51459;  10,17563;  30,31026;  32,63394;1497,80910;-9999,00000;   0,00000;  12,78270;  20,56140;   5,03496;   4,23697;   6,53405;  92,20959;   0,99324;  52,96128
2021-01-10 00:00:00; 1015,11880;-9999,00000;   5,98168;  34,51174;  -1,84286;  11,96071;  30,39837;  32,73306;1414,89930;-9999,00000;   0,00000;  12,76666;  12,94737;   5,05263;   4,24229;   6,43929;  98,71149;   1,01317;  84,65447
2021-01-09 00:00:00; 1013,23030;-9999,00000;   7,58990;  34,62176;  -0,43096;   0,85000;  30,61433;  32,83643;1596,57290;-9999,00000;   0,00000;  13,08852;  55,31579;   5,05263;   4,24404;   0,31786;  93,40735;   1,60534;  29,71259
2021-01-08 00:00:00; 1007,97076;-9999,00000;   6,27704;  34,63150;   0,00320;   0,78571;  30,90743;  32,88588;1645,31950;-9999,00000;   0,00000;  12,90676;  26,98246;   5,05263;   4,24198;   0,37500;  96,54599;   2,26406;  42,96413
2021-01-07 00:00:00; 1006,98990;-9999,00000;   7,52092;  34,63192;   1,85106;   3,59643;  31,01941;  32,84065;1696,87160;-9999,00000;   0,00305;  13,05180;  53,08772;   5,03496;   4,24446;   1,56071;  93,58267;   3,57943; 345,55746
2021-02-05 00:00:00; 1008,72186;-9999,00000;   6,65534;  34,71020;   5,32340;   0,55160;  31,35504;  32,99707;1490,31250;-9999,00000;   0,00000;  12,89745;  20,78671;   5,01742;   4,24103;   0,01779;  94,32282;   4,43180; 178,09843
2021-01-18 00:00:00; 1015,55237;-9999,00000;   7,96420;  34,73014;  -5,43821;   3,09319;  30,24175;  32,65232;1599,29160;-9999,00000;   0,00000;  13,17966;  55,14134;   5,07042;   4,24646;   0,68817;  84,69052;  -0,33286; 359,87500
2021-01-17 00:00:00; 1010,41895;-9999,00000;   6,42889;  34,59597;  -3,92107;   7,39426;  30,35184;  32,60896;1516,73960;-9999,00000;   0,00000;  12,94952;  29,78873;   5,05263;   4,24511;   4,01434;  88,39435;  -0,06690;  29,95251
2021-01-16 00:00:00; 1011,80676;-9999,00000;   7,95877;  34,37781;  -3,73513;   2,71326;  30,37855;  32,48162;1572,20480;-9999,00000;   0,00000;  13,20298;  56,91228;   5,07042;   4,24663;   0,75627;  83,50346;   0,14821;  11,09174
2021-01-15 00:00:00; 1008,91560;-9999,00000;   7,17340;  34,27500;  -1,85089;  10,10394;  30,46315;  32,45284;1520,97570;-9999,00000;   0,00000;  13,09531;  39,40141;   5,05263;   4,24528;   5,56989;  86,81870;   0,56726;  13,87429
2021-01-13 00:00:00; 1003,74040;-9999,00000;   7,95604;  34,39396;   0,99324;  10,93214;  30,53130;  32,49561;1587,18410;-9999,00000;   0,00000;  13,12642;  60,22727;   5,05263;   4,24505;   4,96429;  81,97066;   1,27900; 342,58923
2021-01-12 00:00:00; 1008,30005;-9999,00000;   6,61878;  34,41259;  -0,68968;   0,41071;  30,22345;  32,50449;1510,08680;-9999,00000;   0,00382;  12,91356;  34,49123;   5,05263;   4,23853;   0,01429;  96,87923;   1,46405; 342,22134
2021-01-24 00:00:00; 990,32120;-9999,00000;   7,48867;  34,82944;   5,64362;   8,14947;  31,14000;  32,62090;1765,04520;-9999,00000;   0,03718;  12,97221;  51,60839;   5,01742;   4,24103;   3,40569;  88,33781;   4,46241; 350,74976
2021-01-23 00:00:00; 992,72040;-9999,00000;   6,14895;  34,63192;   9,66901;  17,97518;  30,44306;  32,47708;1463,21180;-9999,00000;   0,00151;  12,83439;  22,27430;   5,01742;   4,23875;   3,23050;  74,93110;   4,49435; 272,54767
2021-03-06 00:00:00; 1022,23834;-9999,00000;  10,05289;  34,27542;   2,60745;   5,02857;  30,65099;  32,72544;1863,63200;-9999,00000;   0,00000;-9999,00000; 108,43860;   5,03496;   4,24574;   1,06429;  54,27457;   4,15603;  61,72974
2021-01-21 00:00:00; 1007,22310;-9999,00000;   8,01348;  34,68240;   5,75461;  14,94662;  30,06211;  32,35844;1706,57980;-9999,00000;   0,00000;  13,12553;  60,41812;   5,01742;   4,22907;   5,64057;  80,78672;   1,57244; 284,34525
2021-01-20 00:00:00; 1009,78670;-9999,00000;   7,49802;  34,74338;   4,09184;   8,81139;  29,82904;  32,44025;1731,39930;-9999,00000;   0,00000;  13,02456;  55,20979;   5,03496;   4,24354;   3,84342;  82,66359;   0,26418; 299,11728
2021-01-19 00:00:00; 1013,87780;-9999,00000;   6,50603;  34,73530;  -0,08292;   5,93214;  30,04051;  32,61066;1564,75340;-9999,00000;   0,00229;  12,95738;  35,33333;   5,05263;   4,24352;   2,62143;  89,61240;  -0,29466; 315,55524
2021-02-06 00:00:00; 1005,17786;-9999,00000;   6,56837;  34,68471;   4,96170;   5,12811;  30,94725;  32,77734;1449,44450;-9999,00000;   0,00000;  12,75140;  15,45296;   5,03496;   4,23526;   3,27402; 100,00000;   4,97306; 100,23319
2021-03-13 00:00:00; 1004,83710;-9999,00000;  10,33298;  34,35342;   9,05795;   8,93262;  30,40284;  32,53656;1881,73960;-9999,00000;   0,00000;-9999,00000; 158,29268;   5,01742;   4,24517;   1,00355;  76,77646;   6,31303; 311,61917
2021-01-28 00:00:00; 1003,14200;-9999,00000;   7,85646;  36,76045;  -0,78648;   5,93907;  31,09122;  33,00916;1604,67020;-9999,00000;   0,00229;  13,18003;  43,28070;   5,05263;   4,24591;   2,08244;  87,14642;   0,67580; 325,00427
2021-01-27 00:00:00; 1006,03217;-9999,00000;   8,24615;  37,48926;   0,21566;   5,41071;  31,59751;  33,18041;1768,06590;-9999,00000;   0,00000;  13,15683;  63,29824;   5,05263;   4,24528;   2,11429;  84,90082;   1,23156;   2,28440
2021-01-26 00:00:00; 1002,75890;-9999,00000;   6,86902;  37,59434;   0,64377;   5,10357;  32,70771;  33,36877;1807,10410;-9999,00000;   0,00000;  12,91758;  27,82456;   5,03496;   4,24271;   2,59286;  84,82581;   1,85943;   4,46644
2021-01-25 00:00:00; 992,54144;-9999,00000;   7,58095;  37,67195;   1,82837;  13,03914;  34,11207;  34,55346;1668,08340;-9999,00000;   0,03056;  13,08541;  61,66084;   5,05263;   4,24500;   6,34520;  89,43866;   2,19468; 355,07780
2021-02-12 00:00:00; 1020,54610;-9999,00000;   9,09726;  35,14453;  -6,10143;   7,58273;  31,77770;  33,73942;1660,73270;-9999,00000;   0,00000;  13,24004;  90,44014;   5,07042;   4,24448;   1,09353;  72,51343;   0,31893;   5,98033
2021-02-11 00:00:00; 1004,86035;-9999,00000;   6,96368;  37,43954;  -1,88214;  27,13571;  34,07230;  34,32340;1641,95840;-9999,00000;   0,01375;  12,66487;  16,84859;   5,05263;   4,23786;  15,48929;  85,30718;   2,95322; 341,23413
2021-02-10 00:00:00; 995,94104;-9999,00000;   7,13030;  35,66806;   5,42049;   2,32740;  33,78719;  33,67365;1659,08680;-9999,00000;   0,02360;  12,88655;  32,03833;   5,03496;   4,23423;   0,77224;  98,83296;   4,70707; 267,84650
2021-02-09 00:00:00; 994,54510;-9999,00000;   7,21865;  35,32029;   4,31099;   4,10320;  33,83022;  33,56726;1592,57290;-9999,00000;   0,01593;  12,93216;  42,25525;   5,01742;   4,24116;   1,56940;  97,10248;   4,34716; 203,24303
2021-02-08 00:00:00; 988,15470;-9999,00000;   6,49509;  35,26667;   5,89362;  13,27046;  34,12433;  33,31245;1410,77430;-9999,00000;   0,03731;  12,84225;  25,36713;   5,03496;   4,24035;   5,06406;  93,54568;   5,21171; 300,88477
2021-02-07 00:00:00; 996,70966;-9999,00000;   7,08872;  34,54503;   4,81205;   9,53025;  30,95227;  32,79425;1548,47910;-9999,00000;   0,00000;  12,92560;  39,43859;   5,03147;   4,23751;   5,30605;  95,83536;   4,51915; 117,62811
2021-02-19 00:00:00; 1015,33520;-9999,00000;   8,25872;  34,27374;   4,23972;   3,25623;  30,12555;  32,45141;1756,07640;-9999,00000;   0,00000;  13,11710;  61,41608;   5,03496;   4,24510;   0,18149;  89,97877;   1,85583; 267,82056
2021-02-18 00:00:00; 1012,96220;-9999,00000;   9,19371;  34,28810;   4,82128;   1,73665;  30,15431;  32,52630;1759,19450;-9999,00000;   0,00000;  13,17954; 100,57692;   5,03496;   4,24216;   0,04982;  83,47178;   0,93369;  35,09850
2021-02-17 00:00:00; 1011,11490;-9999,00000;   7,77380;  34,42100;   2,34575;   1,74733;  30,34499;  32,76347;1723,73960;-9999,00000;   0,00228;  13,08764;  42,32518;   5,03496;   4,24407;   0,01779;  78,87721;  -0,40426; 318,08987
2021-02-16 00:00:00; 1020,01110;-9999,00000;   8,11657;  34,56037;  -1,09715;   1,69892;  30,58977;  32,92573;1662,01390;-9999,00000;   0,00000;  13,17822;  60,61404;   5,03496;   4,24643;   0,04301;  76,49756;  -0,59893; 285,39750
2021-02-15 00:00:00; 1026,93690;-9999,00000;   9,40721;  34,65194;  -2,82571;   0,98566;  30,67699;  33,05904;1775,18750;-9999,00000;   0,00000;  13,33009; 110,91549;   5,07042;   4,24761;   0,02867;  76,50470;  -0,64393;  29,42027
2021-02-14 00:00:00; 1027,38420;-9999,00000;   9,09550;  34,77050;  -2,94464;   4,42652;  30,88926;  33,18501;1738,42710;-9999,00000;   0,00000;  13,30970;  86,26761;   5,05263;   4,24774;   0,95699;  76,21928;  -0,58861;  13,46100
2021-02-25 00:00:00; 1025,23450;-9999,00000;   9,36216;  34,27500;   8,70282;   0,31673;  30,90979;  32,70063;1757,64590;-9999,00000;   0,00000;-9999,00000; 119,65278;   5,01742;   4,24481;   0,00000;  78,80300;   5,25725; 289,16766
2021-02-24 00:00:00; 1028,32760;-9999,00000;   9,23940;  34,27584;   7,00919;   0,06738;  30,83663;  32,65396;1748,60410;-9999,00000;   0,00076;-9999,00000; 114,14336;   5,01742;   4,24522;   0,00000;  85,73915;   4,64311;   7,37001
2021-02-23 00:00:00; 1024,85720;-9999,00000;   9,34374;  34,34906;   5,99431;   0,12143;  31,11155;  32,71949;1800,61890;-9999,00000;   0,00000;  12,90471; 120,94405;   5,03496;   4,24600;   0,00000;  89,84378;   3,82847;  18,13051
2021-02-22 00:00:00; 1021,18164;-9999,00000;   9,40378;  34,39396;   5,05336;   1,83274;  31,92150;  32,74482;1821,81590;-9999,00000;   0,00076;  13,19353; 124,02098;   5,03496;   4,24606;   0,07473;  86,24966;   3,31908; 204,65964
2021-02-21 00:00:00; 1021,82513;-9999,00000;   9,25385;  34,38044;   4,30248;   4,46809;  32,34444;  32,88322;1761,11110;-9999,00000;   0,00000;  13,14547; 117,25524;   5,01742;   4,24377;   0,50000;  91,26267;   3,37978; 189,95575
2021-02-20 00:00:00; 1018,98170;-9999,00000;   7,22682;  34,29485;   3,22376;   0,63571;  33,82391;  32,99429;1620,12160;-9999,00000;   0,01066;  12,94487;  26,25874;   5,03496;   4,24157;   0,03929;  96,80953;   2,98049;  90,68476
2021-03-10 00:00:00; 1011,18274;-9999,00000;  10,05585;  34,27797;   1,35480;   1,05714;  30,39157;  32,57088;1847,42020;-9999,00000;   0,00000;-9999,00000; 127,68421;   5,03496;   4,24597;   0,06071;  56,83295;   2,93381;  57,28702
2021-03-09 00:00:00; 1012,22500;-9999,00000;  10,56530;  34,27500;   1,44840;   4,25000;  30,44585;  32,60897;1877,82290;-9999,00000;   0,00000;-9999,00000; 142,05263;   5,03496;   4,24659;   1,05357;  56,97968;   3,07411;  83,72375
2021-03-08 00:00:00; 1009,31940;-9999,00000;  10,16345;  34,29780;   3,34645;   4,90714;  30,47158;  32,60897;1871,31590;-9999,00000;   0,00000;-9999,00000; 152,69230;   5,03496;   4,24621;   0,97500;  56,17596;   3,06667; 352,54572
2021-03-07 00:00:00; 1017,12540;-9999,00000;  10,31968;  34,29017;   1,46157;   2,24643;  30,51044;  32,65838;1879,72220;-9999,00000;   0,00000;-9999,00000; 154,78947;   5,05263;   4,24677;   0,11429;  57,17630;   2,95922; 350,89100
2021-04-23 00:00:00; 1013,60490;-9999,00000;  12,12835;  34,39396;  10,11950;   3,38078;  31,60740;  33,23944;2389,26050;-9999,00000;   0,00000;  13,24502; 236,62587;   5,02448;   4,24592;   0,13523;  58,32658;  10,58339;   6,06542
2021-02-26 00:00:00; 1018,28150;-9999,00000;   9,41432;  34,27500;  10,13180;   0,10638;  30,89986;  32,71707;1783,82290;-9999,00000;   0,00000;-9999,00000; 125,41812;   5,01742;   4,24451;   0,00000;  75,97059;   5,82148; 271,00894
2021-03-16 00:00:00; 999,23570;-9999,00000;  10,21535;  34,39396;   6,30213;  13,35587;  30,26730;  32,65605;2000,66660;-9999,00000;   0,00000;-9999,00000; 137,56993;   5,03496;   4,24557;   1,59075;  60,61634;   5,07385;  17,51676
2021-03-15 00:00:00; 996,00507;-9999,00000;   9,29372;  34,39943;   6,64876;  16,93238;  30,17939;  32,58880;1891,07290;-9999,00000;   0,00533;-9999,00000;  94,30314;   5,01742;   4,24306;   6,82562;  71,85354;   5,91767;  48,65287
2021-03-14 00:00:00; 998,47940;-9999,00000;   8,97149;  34,39396;   8,10035;   3,60993;  30,29879;  32,58544;2171,10420;-9999,00000;   0,01134;-9999,00000;  72,99651;   5,01742;   4,24387;   0,21986;  83,41704;   6,53181; 349,37100
2021-04-03 00:00:00; 1004,36150;-9999,00000;  10,36257;  34,39187;   7,72403;   2,11388;  30,83748;  32,91379;2071,98600;-9999,00000;   0,00152;  13,16542; 139,37282;   5,01742;   4,24506;   0,16726;  66,15860;   9,69012;  16,67893
2021-03-12 00:00:00; 1004,73080;-9999,00000;   9,23809;  34,38053;   8,92685;  11,38653;  30,25466;  32,47751;1726,37840;-9999,00000;   0,01214;-9999,00000; 106,21951;   5,00000;   4,24432;   2,13475;  65,62544;   5,05018; 334,18570
2021-03-11 00:00:00; 1010,85640;-9999,00000;  10,26412;  34,38554;   3,04468;   9,93928;  30,26652;  32,54407;1862,37160;-9999,00000;   0,00000;-9999,00000; 142,06294;   5,05263;   4,24630;   1,71071;  54,31769;   2,67447; 297,26447
2021-03-28 00:00:00; 1021,53150;-9999,00000;  11,03805;  34,27148;  10,36985;   6,22140;  30,52467;  32,62382;2102,73560;-9999,00000;   0,00000;-9999,00000; 171,41304;   5,01818;   4,24445;   0,50554;  46,08719;   8,11729; 357,86440
2021-03-27 00:00:00; 1014,27637;-9999,00000;  10,84683;  34,24483;  11,29646;   4,90780;  30,32618;  32,54868;2101,21880;-9999,00000;   0,00000;-9999,00000; 178,32753;   5,00000;   4,24505;   0,31915;  52,75612;   6,71268; 304,95590
2021-04-30 00:00:00; 1002,23627;-9999,00000;  11,38915;  34,39395;  17,38105;   2,45423;  31,31706;  32,97971;2259,56600;-9999,00000;   0,00075;  13,09443; 190,98616;   4,98264;   4,24325;   0,08451;  72,58650;  14,10351; 341,41806
2021-03-19 00:00:00; 1008,07790;-9999,00000;  10,48798;  34,51174;   1,92553;   1,77580;  30,30034;  32,62248;1982,34380;-9999,00000;   0,00000;-9999,00000; 148,11190;   5,03496;   4,24655;   0,09964;  72,94872;   4,23582;  16,95724
2021-03-18 00:00:00; 1007,01355;-9999,00000;   9,88538;  34,50034;   4,06975;  12,16786;  30,35433;  32,62500;1987,31590;-9999,00000;   0,00000;-9999,00000;  92,44756;   5,03496;   4,24579;   2,66071;  67,73355;   4,59114;  35,22058
2021-03-17 00:00:00; 1003,44620;-9999,00000;  10,09739;  34,41843;   5,11802;   9,26690;  30,32013;  32,60348;1940,84720;-9999,00000;   0,00152;-9999,00000; 110,89161;   5,02091;   4,23967;   1,04270;  72,05798;   4,98794;  16,33296
2021-04-10 00:00:00; 1012,36800;-9999,00000;  11,45429;  34,27123;  10,41479;   4,28826;  30,38443;  32,56878;2225,01050;-9999,00000;   0,00000;  13,23293; 222,31708;   5,01742;   4,23904;   0,32384;  47,04417;   8,43029; 302,14893
2021-04-02 00:00:00; 1002,50260;-9999,00000;  10,38658;  34,35394;  13,64366;   3,19435;  30,89667;  32,86039;2147,67360;-9999,00000;   0,00000;  13,12179; 137,03125;   5,00000;   4,24375;   0,43816;  60,39275;  11,30983;  14,17240
2021-04-24 00:00:00; 1014,81180;-9999,00000;  12,23662;  34,39396;   9,55406;   1,18440;  31,41104;  33,12413;2334,37840;-9999,00000;   0,00000;  13,23640; 268,76736;   5,00000;   4,24609;   0,03191;  55,79430;  10,36926;  40,55765
2021-04-25 00:00:00; 1009,45764;-9999,00000;  12,05792;  34,39395;  11,54929;   2,05300;  31,31216;  33,04560;2345,89230;-9999,00000;   0,00000;  13,19956; 218,08362;   5,01742;   4,24524;   0,08481;  57,31278;  10,79155;  13,84936
2021-04-26 00:00:00; 1009,92957;-9999,00000;  11,84336;  34,39396;   8,83958;   0,73050;  31,20619;  33,06353;2271,26050;-9999,00000;   0,00000;  13,25569; 168,29268;   5,00000;   4,24612;   0,01773;  56,05876;  10,42192;  83,83844
2021-04-27 00:00:00; 1004,50010;-9999,00000;  11,93954;  34,39395;  10,94049;   0,89362;  31,06829;  33,01457;2387,95480;-9999,00000;   0,00000;  13,20578; 176,09375;   5,01742;   4,24522;   0,00709;  53,64588;  10,88556;  93,40910
2021-04-28 00:00:00; 1002,94690;-9999,00000;  10,59222;  34,39396;  10,82686;   0,27305;  31,20487;  33,01179;2241,64940;-9999,00000;   0,00000;  13,14051;  58,53659;   5,00000;   4,24371;   0,00000;  67,63853;  10,42156; 146,69356
2021-04-29 00:00:00; 1001,61865;-9999,00000;  11,39479;  34,39395;  14,98071;   4,70671;  31,13553;  32,92418;2279,06250;-9999,00000;   0,00000;  13,12806; 203,40831;   5,00000;   4,23687;   0,15194;  74,69772;  12,39054; 301,77750
2021-04-18 00:00:00; 1007,95610;-9999,00000;  10,30874;  34,40071;   7,26135;   0,34043;  32,65861;  32,96643;2134,44430;-9999,00000;   0,01821;  13,17081;  60,40070;   5,01742;   4,24520;   0,00355;  90,10910;   7,72262; 135,82027
2021-04-19 00:00:00; 1006,68440;-9999,00000;  10,46215;  34,50628;   8,10141;   0,25887;  33,12957;  33,37307;2216,60060;-9999,00000;   0,00000;  13,11676;  95,33101;   5,01742;   4,23835;   0,00000;  90,92756;   8,39329; 135,74431
2021-04-20 00:00:00; 1004,84360;-9999,00000;  11,64292;  34,45997;   9,35105;   0,39007;  32,70324;  33,36849;2293,75680;-9999,00000;   0,01210;  13,21430; 168,03136;   5,00000;   4,24625;   0,00709;  85,71287;   9,33993;  92,01170
2021-04-21 00:00:00; 1007,06976;-9999,00000;  11,72487;  34,51342;  11,12957;   0,56028;  32,21432;  33,40388;2354,03120;-9999,00000;   0,00076;  13,21792; 202,42160;   5,01742;   4,24601;   0,00000;  76,67741;   9,93627; 341,56445
2021-04-22 00:00:00; 1008,39105;-9999,00000;  11,70919;  34,46651;  12,78662;   5,18021;  31,60886;  33,30970;2272,66300;-9999,00000;   0,00000;  13,17695; 226,75348;   5,00000;   4,24532;   0,73145;  70,19212;  10,63170; 341,26850
2021-04-12 00:00:00; 1008,84970;-9999,00000;  11,24543;  34,27500;  14,99720;   1,71025;  30,57427;  32,65860;2187,64230;-9999,00000;   0,00000;  13,17389; 184,34027;   4,98270;   4,24433;   0,01767;  54,96573;  10,49825; 316,43594
2021-04-13 00:00:00; 1007,88940;-9999,00000;   9,73234;  34,32269;   6,14681;   3,40569;  30,29486;  32,63605;2038,66660;-9999,00000;   0,01821;  13,04355;  53,53147;   5,03496;   4,24398;   0,17082;  89,57110;   9,27270; 359,97614
2021-04-15 00:00:00; 1011,60630;-9999,00000;  10,70530;  34,31718;   4,61485;   1,34164;  31,94521;  32,93808;2152,45480;-9999,00000;   0,00228;  13,18479; 111,01399;   5,03484;   4,24522;   0,09609;  87,02712;   7,08760;  18,84742
2021-04-14 00:00:00; 1009,19604;-9999,00000;  10,39118;  34,40785;   4,82269;   6,62633;  32,14010;  32,93112;2133,56250;-9999,00000;   0,01218;  13,16071;  74,02098;   5,01748;   4,24390;   1,10320;  90,06733;   7,09824;  37,84761
2021-04-16 00:00:00; 1011,95610;-9999,00000;  11,58753;  34,27500;   5,21915;   2,21631;  31,30799;  32,81116;2218,85770;-9999,00000;   0,00000;  13,31718; 132,74475;   5,03496;   4,24695;   0,03546;  76,62923;   6,53369; 359,92365
2021-04-17 00:00:00; 1009,77527;-9999,00000;  11,46496;  34,27458;   7,58340;   0,27402;  31,04352;  32,73638;2266,45830;-9999,00000;   0,00000;  13,27792; 141,86410;   5,01742;   4,24006;   0,00356;  71,14469;   7,63251;  39,93975
2021-03-31 00:00:00; 1017,09330;-9999,00000;  10,48613;  34,27500;  13,95563;   0,39929;  30,72718;  32,73590;2157,70480;-9999,00000;   0,00000;  13,10269; 175,03460;   5,00000;   4,24361;   0,00000;  64,10063;  10,71439;  81,68058
2021-04-01 00:00:00; 1007,79706;-9999,00000;  10,93550;  34,27500;  15,03017;   0,95406;  30,79932;  32,79799;2122,08700;-9999,00000;   0,00000;  13,12942; 191,99652;   4,98270;   4,24378;   0,01767;  67,70603;  11,06056;   5,52008
2021-04-11 00:00:00; 1011,72050;-9999,00000;  11,08141;  34,27500;  10,46113;   2,80142;  30,49933;  32,61443;2186,64580;-9999,00000;   0,00000;  13,20279; 142,62152;   5,01742;   4,24534;   0,17021;  61,32698;   8,78022; 286,50015
2021-03-29 00:00:00; 1023,57900;-9999,00000;  11,07595;  34,27500;   9,50071;   0,66667;  30,55234;  32,66619;2144,69100;-9999,00000;   0,00000;-9999,00000; 181,44600;   5,00000;   4,24520;   0,00709;  56,47849;   7,50141;  26,50195
2021-03-30 00:00:00; 1021,31384;-9999,00000;  10,26789;  34,27500;  12,45845;   0,47163;  30,60484;  32,68607;2010,17710;-9999,00000;   0,00151;-9999,00000; 154,23344;   5,01742;   4,24383;   0,00355;  62,44871;   9,21092;  21,08318
