DATE; Levegő-páratartalom; Belső akkufeszültség; Napelem töltőfeszültség; Talajnedvesség 90 cm; Fagy; Talajnedvesség 30 cm; Talajhőmérséklet 0 cm; Talajnedvesség 60 cm; Csapadék; Szélirány; Légnyomás; Széllökés; Szélsebesség; Levegő-hőmérséklet; Fényegység; Besugárzás; Levélnedvesség; Külső akkufeszültség
2021-04-29 00:00:00; 82,88074;   4,22533;  11,37844;  27,39539;-9999,00000;  22,71944;  12,19303;  33,84680;   0,00000; 152,55876; 999,59990;  20,62245;  14,09694;  14,54565;2933,06960; 269,23468;   0,99502;  13,17163
2021-04-28 00:00:00; 84,72678;   4,22413;  10,59611;  27,45898;-9999,00000;  22,80174;  12,01965;  33,89841;   0,00076;  63,46281;1000,55426;   6,70922;   4,19149;  10,64821;2496,28120;  61,52482;   0,41522;  13,16528
2021-04-27 00:00:00; 73,11192;   4,22417;  11,32653;  27,49627;-9999,00000;  22,83432;  12,17059;  33,92297;   0,00000; 119,14037;1002,30524;   7,32270;   4,17021;  10,37993;2539,12160; 128,93239;   0,00000;  13,22071
2021-04-26 00:00:00; 63,20560;   4,22539;  11,19316;  27,57228;-9999,00000;  22,95332;  12,42527;  33,99503;   0,00151; 355,30273;1007,73376;  10,21708;   6,48399;   8,98889;2485,06930; 126,45390;   0,00000;  13,23247
2021-04-25 00:00:00; 53,95269;   4,22600;  11,50824;  27,66106;-9999,00000;  22,99116;  12,62896;  33,97940;   0,00000; 177,69836;1007,26760;  15,14085;   9,71831;  11,94626;2486,81930; 230,39008;   0,00000;  13,18688
2021-04-24 00:00:00; 58,92446;   4,22586;  11,82241;  27,70550;-9999,00000;  22,92560;  11,70244;  34,01566;   0,00000;  12,95805;1012,89610;   8,63701;   4,80071;   9,17734;2484,37500; 270,76514;   0,55749;  13,20082
2021-02-10 00:00:00; 95,82123;   4,05503;   7,08603;  31,22248;-9999,00000;  26,22373;   5,63464;  36,66431;   0,00683;  98,08032; 993,30080;   8,71882;   6,56885;   5,87464;1779,23890;  43,06924;   0,25366;  10,74493
2021-02-09 00:00:00; 96,10680;   4,04353;   7,15535;  30,88631;-9999,00000;  24,94789;   5,19658;  36,57999;   0,00365;  88,21948; 992,16320;   7,09517;   5,21341;   4,44892;1838,37500;  33,06567;   0,20642;  10,87461
2021-02-08 00:00:00; 93,12627;   4,11390;   6,76937;  28,07686;-9999,00000;  23,67337;   6,26327;  34,05845;   0,00425; 240,54926; 986,06665;  11,82637;   9,23199;   5,76949;1741,73610;  21,67261;   0,20613;  10,66983
2021-02-07 00:00:00; 96,75274;   4,15620;   6,84097;  27,34518;-9999,00000;  22,21728;   6,10472;  32,93226;   0,00091;  37,08691; 993,32837;   7,53132;   5,61483;   5,93904;1729,26570;  36,97575;   0,07098;  11,00553
2021-02-06 00:00:00; 97,14565;   4,17907;   6,92013;  27,49425;-9999,00000;  22,26239;   5,93541;  33,06407;   0,00000;   4,71295;1002,26556;   5,28479;   3,75919;   5,02526;1740,34720;  24,85724;   0,40529;  11,05594
2021-01-11 00:00:00; 93,30870;   4,09041;   6,38881;  27,03085;-9999,00000;  21,47387;   1,88084;  32,36682;   0,00000; 319,28983;1010,79750;   8,26522;   6,31957;  -0,88459;1704,91320;  26,79340;   0,00000;  10,78804
2021-01-10 00:00:00; 98,55642;   4,15122;   6,16091;  27,13507;-9999,00000;  21,60586;   2,18635;  32,50599;   0,00000; 356,45316;1012,68036;  10,46015;   8,10072;  -1,80007;1630,01600;  11,63075;   0,18022;  10,50835
2021-01-09 00:00:00; 92,90311;   4,19910;   7,69692;  27,23801;-9999,00000;  21,72397;   2,84561;  32,63124;   0,00000; 348,86975;1011,00183;   3,41999;   2,28675;   0,39139;1673,32080;  60,57706;   0,34594;  11,89580
2021-01-08 00:00:00; 93,97721;   4,19575;   6,48871;  27,35472;-9999,00000;  21,89658;   3,19672;  32,83776;   0,00000; 345,45510;1005,47974;   6,90521;   5,19175;   0,78135;1661,17710;  28,04441;   0,08258;  11,29895
2021-02-12 00:00:00; 68,11295;   4,18982;   9,27586;  29,75509;-9999,00000;  22,23879;   1,77744;  33,57242;   0,00000; 303,23320;1019,33234;  19,08006;  14,95196;  -5,88384;1913,16530; 103,67605;   0,10014;  11,94909
2021-02-11 00:00:00; 78,72872;   4,14192;   7,64199;  31,90093;-9999,00000;  28,47636;   4,30140;  37,02609;   0,00061; 299,25186;1005,09940;  32,61566;  25,92023;  -2,37434;1793,89230;  47,54853;   0,16982;  11,20506
2021-02-23 00:00:00; 82,97351;   4,22259;   9,56459;  26,93137;-9999,00000;  21,72697;   5,27414;  32,23204;   0,00000; 307,41446;1022,84510;   6,04251;   4,35447;   5,58872;2008,45200; 139,08994;   0,38746;  12,37732
2021-02-22 00:00:00; 78,65340;   4,22119;   9,44047;  26,95153;-9999,00000;  21,69295;   4,83596;  32,20461;   0,00000; 146,22348;1017,99927;   7,22822;   5,27358;   6,31696;1987,71370; 137,89943;   0,35421;  12,31081
2021-02-21 00:00:00; 84,79503;   4,20687;   9,07559;  27,00940;-9999,00000;  21,65824;   4,77191;  32,13142;   0,00000;  93,42050;1018,35620;  10,11175;   7,74117;   5,53768;1949,46600; 119,09415;   0,12056;  11,97244
2021-02-20 00:00:00; 93,34297;   4,21570;   7,76906;  27,01572;-9999,00000;  21,56391;   4,08987;  32,07657;   0,00000;  41,14625;1016,23280;   8,22639;   6,20187;   4,39479;1876,94520;  49,16429;   0,00000;  12,00299
2021-01-13 00:00:00; 82,74402;   4,20192;   8,04971;  26,89706;-9999,00000;  21,54839;   2,02413;  32,22700;   0,00000; 242,64243;1002,55365;  12,28778;   9,38395;   0,93981;1773,84720;  69,61676;   0,00000;  12,01533
2021-01-12 00:00:00; 93,17141;   4,13331;   7,27930;  26,95597;-9999,00000;  21,48585;   2,03818;  32,27666;   0,00046; 221,92792;1006,03937;   4,49819;   3,11441;  -0,46180;1719,91940;  58,36442;   0,00000;  11,60836
2021-01-05 00:00:00; 95,30891;   4,12435;   5,98786;  27,50155;-9999,00000;  23,06709;   5,14837;  33,01034;   0,00076; 227,68480;1001,35864;  10,18457;   7,53929;   4,31043;1581,06460;  16,12777;   0,41980;  10,61146
2021-01-04 00:00:00; 99,63496;   4,19667;   6,49107;  27,67480;-9999,00000;  21,97611;   4,45385;  33,01901;   0,00122; 313,04236;1001,90860;   6,84921;   5,10823;   3,49934;1612,65140;  33,53109;   0,56564;  11,46365
2021-01-03 00:00:00; 91,22907;   4,17722;   7,04573;  28,28128;-9999,00000;  22,10729;   4,93170;  33,33948;   0,00000; 104,10081;1002,30865;   8,75576;   6,64409;   5,76648;1735,14800;  51,63338;   0,14067;  11,76885
2021-01-02 00:00:00; 85,98988;   3,97207;   7,25073;  29,91071;-9999,00000;  22,37830;   4,04378;  35,99064;   0,00000; 113,31462;1004,66350;  10,39293;   7,74333;   4,89762;1655,97360;  62,68737;   0,00000;  11,82268
2021-02-25 00:00:00; 71,41434;   4,22572;   9,32647;  26,92038;-9999,00000;  21,83976;   6,56753;  32,34510;   0,00000; 154,15886;1022,42680;   7,26293;   5,34267;   9,50948;1971,15500; 136,18506;   0,10486;  12,35655
2021-02-24 00:00:00; 78,28891;   4,22464;   9,19910;  26,91755;-9999,00000;  21,79871;   5,70673;  32,26438;   0,00000; 156,63249;1026,11600;   4,01801;   2,59366;   6,78333;1991,29150; 130,24234;   0,15160;  12,49821
2021-01-19 00:00:00; 83,65260;   4,19596;   7,56948;  26,65885;-9999,00000;  21,07327;   0,40962;  31,73052;   0,00000; 164,57893;1011,44460;   9,54920;   7,30608;   0,51446;1794,76600;  54,81349;   0,00000;  11,84075
2021-01-18 00:00:00; 85,51798;   4,18879;   6,86603;  26,66173;-9999,00000;  21,16210;   0,46505;  31,76093;   0,00000; 237,19937;1013,61490;   6,81732;   4,94833;  -4,48316;1708,64650;  37,21742;   0,00000;  11,41501
2021-01-17 00:00:00; 89,22288;   4,19713;   6,60582;  26,71512;-9999,00000;  21,22319;   0,70575;  31,86612;   0,00000; 275,79843;1008,56650;   9,74273;   7,48256;  -3,77196;1702,39650;  38,54467;   0,00000;  11,36482
2021-01-16 00:00:00; 79,65107;   4,20853;   7,64098;  26,77769;-9999,00000;  21,30426;   0,89013;  31,97367;   0,00000; 290,72842;1010,01600;  13,78173;  10,77520;  -2,24613;1793,97080;  51,16020;   0,00000;  11,86521
2021-01-15 00:00:00; 80,24929;   4,19930;   7,47281;  26,78750;-9999,00000;  21,33724;   1,35577;  32,09947;   0,00000; 280,37326;1007,30865;  12,88470;   9,93836;  -0,99088;1801,15140;  49,37545;   0,00000;  11,69525
2021-01-06 00:00:00; 93,72144;   4,12085;   7,22719;  27,49241;-9999,00000;  22,75299;   4,99334;  33,33936;   0,00061; 131,96577;1001,14280;   9,80029;   7,42538;   4,68387;1710,06040;  56,80357;   0,06551;  11,71021
2021-02-16 00:00:00; 74,04840;   4,21982;   7,56740;  27,31938;-9999,00000;  21,16225;   0,09210;  32,08911;   0,00000; 132,64497;1017,09460;   6,56200;   4,85642;  -1,82361;1909,99380;  39,56178;   0,00000;  12,27513
2021-02-15 00:00:00; 66,83990;   4,21872;   9,69635;  27,43401;-9999,00000;  21,27809;   0,10126;  32,20170;   0,00000; 259,21686;1025,13930;   8,11756;   6,07039;  -2,76374;1910,90560; 133,59251;   0,00000;  12,45278
2021-02-14 00:00:00; 77,26341;   4,21318;   9,59933;  27,62064;-9999,00000;  21,44711;   0,24909;  32,38088;   0,00000; 295,45862;1026,00560;  11,56541;   8,92151;  -3,44974;1956,66300; 121,96545;   0,00000;  12,30125
2021-02-13 00:00:00; 71,55679;   4,20139;   9,57974;  27,88442;-9999,00000;  21,69994;   0,75123;  32,68378;   0,00000; 292,96292;1024,16670;   7,86162;   5,75674;  -6,23705;1939,05350; 126,46571;   0,00000;  12,25958
2021-01-21 00:00:00; 77,73307;   4,22074;   7,94598;  26,65886;-9999,00000;  21,25482;   2,66347;  31,76423;   0,00000; 149,26813;1004,00360;  16,93232;  13,57307;   6,53233;1783,17570;  73,25374;   0,00000;  12,19029
2021-01-20 00:00:00; 75,54958;   4,21241;   7,67875;  26,65885;-9999,00000;  21,09394;   1,10159;  31,72321;   0,00000; 180,55916;1007,09230;  14,15274;  11,03746;   6,00893;1785,11050;  63,23949;   0,00000;  11,89041
2021-01-31 00:00:00; 91,43427;   4,19115;   6,86488;  27,95009;-9999,00000;  24,78058;   3,60307;  35,49658;   0,00076; 350,30740; 993,20760;  14,86459;  11,77914;   0,33728;1690,82700;  34,09026;   0,02381;  11,31994
2021-01-30 00:00:00; 90,15009;   4,16845;   7,70827;  27,80272;-9999,00000;  23,94307;   4,01012;  35,81344;   0,00015; 174,13141; 989,78820;   7,34366;   5,47623;   5,69936;1782,67740;  73,09422;   0,43175;  11,61417
2021-01-29 00:00:00; 92,41267;   4,16974;   6,77778;  26,81103;-9999,00000;  23,75096;   3,17097;  33,82645;   0,00319; 176,75743; 991,50640;  10,35544;   7,86590;   5,31338;1757,97360;  23,95507;   0,66690;  10,69629
2021-02-19 00:00:00; 81,37947;   4,22057;   8,30486;  27,01572;-9999,00000;  21,38801;   2,73054;  32,00458;   0,00000; 168,25764;1012,14820;   8,31461;   6,34125;   5,68318;1907,17920;  66,39800;   0,00000;  12,23752
2021-02-18 00:00:00; 75,20485;   4,21695;   9,37459;  27,08727;-9999,00000;  21,23507;   0,97776;  31,96872;   0,00000; 261,43030;1011,33954;   9,16162;   6,96537;   5,04244;1953,58780; 131,14919;   0,00000;  12,22838
2021-02-17 00:00:00; 74,01631;   4,21058;   7,85402;  27,20802;-9999,00000;  21,14572;   0,27577;  32,00080;   0,00000; 193,71785;1009,19240;   8,53179;   6,44220;   2,50642;1953,13210;  46,31711;   0,03354;  11,99681
2021-01-22 00:00:00; 80,02364;   4,22016;   6,77441;  26,65886;-9999,00000;  21,43009;   3,92313;  31,84607;   0,00000; 142,74422; 997,27496;  16,75540;  13,47410;   7,86884;1761,35560;  28,33333;   0,00000;  11,93235
2021-02-05 00:00:00; 87,63899;   4,22382;   7,46532;  27,67835;-9999,00000;  22,32368;   5,87474;  33,19573;   0,00000; 183,39137;1005,81067;   6,75755;   4,94748;   8,05944;1704,25710;  66,06126;   0,02573;  12,29367
2021-02-04 00:00:00; 81,19622;   4,20792;   8,52515;  28,15115;-9999,00000;  22,48300;   5,67628;  33,59311;   0,00045; 199,29938;1003,90845;  11,07626;   8,58201;   9,19627;1918,10350;  95,98576;   0,22895;  11,98873
2021-02-03 00:00:00; 93,46367;   4,17621;   7,91855;  29,07346;-9999,00000;  22,61000;   3,16297;  36,18302;   0,00000; 156,56952;1001,61950;  16,04971;  12,65346;   5,00854;1860,33590;  59,06852;   0,49199;  11,89433
2021-02-02 00:00:00; 99,09922;   4,16486;   6,74769;  29,14903;-9999,00000;  23,39994;   2,41641;  36,59537;   0,00000; 157,83600;1002,21280;  10,53913;   7,91232;  -0,40326;1725,67200;  23,81636;   0,48808;  10,93228
2021-02-01 00:00:00; 84,99841;   4,19447;   8,03173;  29,08156;-9999,00000;  24,28517;   2,49946;  36,67219;   0,00061;  86,78390; 993,30884;   7,26266;   5,37337;  -0,23218;1739,94580;  89,28264;   0,00000;  11,84995
2021-01-28 00:00:00; 84,97511;   4,20542;   7,67443;  26,64988;-9999,00000;  21,79384;   1,82737;  32,10226;   0,00122; 171,25601;1000,74020;  10,38841;   7,97319;  -0,16356;1859,93810;  60,22972;   0,15978;  11,68521
2021-01-27 00:00:00; 81,74800;   4,20964;   8,17838;  26,66540;-9999,00000;  22,19077;   2,44322;  32,23215;   0,00000; 282,15097;1004,80740;  13,59450;  10,63143;   0,52234;1797,80630;  62,08961;   0,00000;  12,17767
2021-01-26 00:00:00; 79,85448;   4,21293;   8,52898;  26,72216;-9999,00000;  23,11604;   3,06005;  32,24818;   0,00000; 283,54610;1001,55975;  15,95441;  12,58104;   1,19545;1787,63330;  78,12679;   0,00000;  12,03862
2021-01-25 00:00:00; 89,24694;   4,19994;   7,69592;  26,67439;-9999,00000;  22,99508;   4,02996;  31,99281;   0,00046; 247,28128; 991,90240;  14,17702;  10,92486;   1,97164;1770,35690;  70,90551;   0,15584;  11,87837
2021-01-24 00:00:00; 84,86481;   4,21105;   7,39325;  26,65877;-9999,00000;  21,58151;   4,92981;  32,03257;   0,00091; 236,31812; 987,98883;  14,20908;  11,07787;   5,02340;1734,03330;  60,59957;   0,03693;  11,68318
2021-01-23 00:00:00; 78,95592;   4,20231;   7,02334;  26,65886;-9999,00000;  21,57020;   5,20847;  31,93870;   0,00000; 136,95914; 989,24520;  18,00216;  14,09274;   8,92638;1839,94580;  42,45732;   0,00000;  11,64919
2021-03-16 00:00:00; 67,83844;   4,21510;  10,32491;  27,96134;-9999,00000;  23,00554;   5,69423;  34,09698;   0,00000; 298,43950; 999,13770;  28,10743;  22,52487;   6,04666;2150,52800; 147,59630;   0,00000;-9999,00000
2021-03-15 00:00:00; 71,29192;   4,20331;   9,78058;  27,95629;-9999,00000;  24,20581;   6,48896;  35,27798;   0,00167; 309,50397; 995,16327;  26,22766;  21,11527;   6,32364;2085,32980; 113,61983;   0,19137;-9999,00000
2021-03-14 00:00:00; 83,80551;   4,21525;   8,71424;  27,93660;-9999,00000;  23,08672;   7,16687;  33,88787;   0,00182; 315,90268; 996,60270;  12,85961;  10,18718;   7,36834;1955,15970;  74,77208;   0,05080;-9999,00000
2021-03-13 00:00:00; 81,95380;   4,21775;  10,22267;  29,07153;-9999,00000;  24,52206;   7,17274;  36,35536;   0,00000; 158,98784;1002,54540;  13,88049;  10,90425;   8,28866;2145,55980; 168,10628;   0,07794;-9999,00000
2021-01-07 00:00:00; 92,00600;   4,20762;   7,51373;  27,47527;-9999,00000;  22,22419;   4,09115;  33,14469;   0,00000; 212,19019;1004,90560;   4,04624;   2,69798;   2,01933;1700,81250;  57,27468;   0,48987;  11,85349
2021-03-06 00:00:00; 53,99791;   4,22313;   9,97284;  26,89707;-9999,00000;  21,69567;   5,99902;  32,30059;   0,00000; 292,41455;1020,42786;   8,68257;   6,29573;   1,79329;2011,46880; 158,02650;   0,00000;-9999,00000
2021-02-28 00:00:00; 73,89040;   4,22395;   9,65193;  27,00720;-9999,00000;  21,84716;   6,43412;  32,42712;   0,00000; 269,23795;1023,42610;   6,26190;   4,47908;   4,28027;2009,54370; 113,72766;   0,04533;-9999,00000
2021-02-27 00:00:00; 71,45528;   4,22484;   9,70546;  26,98701;-9999,00000;  21,93381;   7,16634;  32,45974;   0,00000; 301,26788;1018,48260;  18,85889;  14,93376;   7,12084;2053,45500; 125,70157;   0,00000;-9999,00000
2021-01-14 00:00:00; 81,29672;   4,21226;   7,27818;  26,89706;-9999,00000;  21,41550;   1,78297;  32,17363;   0,00000; 266,11847;1000,39044;  16,48551;  12,83696;   0,45665;1730,19520;  41,03868;   0,00000;  11,69873
2021-03-19 00:00:00; 75,60827;   4,21079;   9,93124;  27,34962;-9999,00000;  22,19752;   6,00098;  32,88686;   0,00046;  60,29939;1005,99146;   6,44300;   4,53752;   2,82024;2205,90200; 137,28899;   0,01535;-9999,00000
2021-03-18 00:00:00; 80,31461;   4,20803;   9,65817;  27,40751;-9999,00000;  22,21877;   6,43364;  32,97561;   0,00000; 205,58267;1004,95210;   4,22718; 130,10290;   3,49884;2915,88260;  23,73321;   0,00000;-9999,00000
2021-03-17 00:00:00; 71,71647;   4,21280;   9,89484;  27,65631;-9999,00000;  22,44030;   4,93549;  33,44151;   0,00000; 296,86798;1002,42310;  22,13893;  17,50852;   4,43058;2879,34180; 165,89610;   0,00000;-9999,00000
2021-04-10 00:00:00; 49,67008;   4,20073;  11,12717;  27,01572;-9999,00000;  22,05887;   9,42841;  32,67483;   0,00000; 170,89223;1009,40186;  15,96693;  12,55140;  10,16762;2446,14090; 219,63371;   0,00000;  11,82648
2021-03-05 00:00:00; 67,02326;   4,22481;   8,70345;  26,89707;-9999,00000;  21,74937;   6,35433;  32,34503;   0,00015; 264,11940;1006,13010;  15,31461;  12,13967;   6,50863;2092,56520;  59,62553;   0,00000;-9999,00000
2021-03-04 00:00:00; 61,87196;   4,22530;   9,48136;  26,89757;-9999,00000;  21,74679;   6,27567;  32,30297;   0,00000; 186,48608;1008,59930;   5,86383;   4,16643;   6,27441;2005,69580; 117,03426;   0,00000;-9999,00000
2021-03-03 00:00:00; 64,14893;   4,22428;   9,79110;  26,89875;-9999,00000;  21,73393;   5,98379;  32,26817;   0,00000; 140,02774;1019,81570;   6,56813;   4,67412;   5,62654;2065,07000; 163,50821;   0,00139;-9999,00000
2021-03-02 00:00:00; 72,41650;   4,22535;   9,88813;  26,89791;-9999,00000;  21,72469;   5,64647;  32,30240;   0,00000; 226,96828;1024,84990;   4,68303;   3,04982;   3,78401;2080,57080; 157,94853;   0,01814;-9999,00000
2021-03-01 00:00:00; 72,19079;   4,22536;   9,91656;  26,95683;-9999,00000;  21,76536;   5,63653;  32,35505;   0,00000; 350,58768;1021,89154;   8,09098;   5,98051;   3,86429;2021,96530; 151,92143;   0,00000;-9999,00000
2021-04-16 00:00:00; 74,75259;   4,22552;  10,77687;  29,24916;-9999,00000;  22,75389;   6,13345;  34,24007;   0,00000; 266,97256;1010,36115;  12,21429;   8,22500;   5,11624;2400,70390; 108,02867;   0,00000;  13,25806
2021-04-15 00:00:00; 79,26219;   4,22384;  11,40238;  30,99879;-9999,00000;  23,73470;   6,33403;  38,68169;   0,00000; 275,48224;1010,30810;  17,06429;  12,08571;   4,20755;2489,02440; 149,12500;   0,27875;  13,30744
2021-04-14 00:00:00; 92,69456;   4,09385;   8,17266;  29,67204;-9999,00000;  24,30208;   6,89798;  37,82651;   0,00915; 302,75323;1007,43700;  20,61780;  16,27487;   2,86908;2046,65780;  37,23307;   1,30241;  11,28663
2021-04-13 00:00:00; 85,25867;   4,13158;   9,35955;  27,10478;-9999,00000;  22,30944;   9,74293;  32,88455;   0,00746; 296,21680;1007,47890;  22,67630;  18,32514;   4,24341;2330,43000;  31,43674;   0,45607;  11,13816
2021-04-12 00:00:00; 59,87133;   4,19796;  10,55474;  27,06986;-9999,00000;  22,18766;  10,57318;  32,83345;   0,00000; 189,78557;1006,61710;  13,54552;  10,44229;  12,79627;2346,38960; 164,87216;   0,00000;  11,49962
2021-04-11 00:00:00; 57,40442;   4,20353;  10,57065;  27,03255;-9999,00000;  22,15075;   9,76606;  32,78937;   0,00000; 149,68968;1008,92786;   9,54741;   7,33405;  10,30609;2419,47700; 102,04336;   0,00000;  11,84515
2021-03-25 00:00:00; 71,94503;   4,20551;  10,41595;  27,01572;-9999,00000;  21,95288;   6,17521;  32,49034;   0,00015; 156,00967;1011,76190;   4,22671;   2,66209;   3,94924;2259,64300; 166,47606;   0,27006;-9999,00000
2021-03-24 00:00:00; 76,97350;   4,20548;   8,74999;  27,09207;-9999,00000;  21,93755;   6,20397;  32,50828;   0,00015; 338,70114;1010,68414;  11,85159;   9,30836;   5,58750;2117,59860;  50,74893;   0,08078;-9999,00000
2021-03-23 00:00:00; 60,44498;   4,21386;  10,17290;  27,13295;-9999,00000;  21,91259;   5,27620;  32,53927;   0,00000; 299,71470;1009,25100;  16,22094;  12,83538;   4,40820;2255,10350; 156,80844;   0,00000;-9999,00000
2021-03-22 00:00:00; 77,37362;   4,20445;   9,20437;  27,13507;-9999,00000;  21,99336;   5,68116;  32,60862;   0,00000; 311,91156;1001,91156;  14,91763;  11,85043;   3,14423;2181,63400;  67,25876;   0,00000;-9999,00000
2021-03-21 00:00:00; 53,18820;   4,21495;  10,79676;  27,21781;-9999,00000;  21,98632;   5,40069;  32,65498;   0,00000; 314,96307;1006,86597;  11,86190;   9,00145;   2,05739;2239,54170; 202,21904;   0,00000;-9999,00000
2021-03-20 00:00:00; 76,79529;   4,21467;  10,50465;  27,25391;-9999,00000;  22,07862;   5,51595;  32,77101;   0,00000; 339,45170;1010,16940;  10,31092;   7,80911;   1,66746;2168,32840; 154,83525;   0,09371;-9999,00000
2021-03-31 00:00:00; 64,49367;   4,19823;  10,37551;  27,13466;-9999,00000;  22,55999;  12,40503;  32,99348;   0,00000; 347,23663;1014,87494;   4,14030;   2,55619;  14,40559;2299,43820; 182,56728;   0,00000;  12,04660
2021-03-30 00:00:00; 65,75090;   4,20018;   9,98944;  27,12778;-9999,00000;  22,40799;  10,98487;  32,87187;   0,00000; 351,40616;1019,18207;   5,41720;   3,77491;  12,79812;2255,59600; 110,91554;   0,00000;-9999,00000
2021-03-29 00:00:00; 59,42556;   4,20400;  10,48769;  27,08794;-9999,00000;  22,25487;   9,41922;  32,77660;   0,00000; 205,87354;1021,49580;   5,22126;   3,38075;   9,36975;2301,69240; 198,47440;   0,00000;-9999,00000
2021-03-28 00:00:00; 52,37235;   4,20368;  10,54007;  27,01854;-9999,00000;  22,28211;   9,68848;  32,72488;   0,00000; 274,08905;1020,48737;  11,25131;   8,60465;   9,82385;2365,87260; 131,72849;   0,00000;-9999,00000
2021-03-27 00:00:00; 55,78122;   4,21534;  10,52085;  27,01724;-9999,00000;  22,17907;   8,73023;  32,60361;   0,00000; 188,46916;1011,88617;  15,52692;  12,06245;  11,53155;2322,72220; 182,30988;   0,00000;-9999,00000
2021-03-26 00:00:00; 61,88806;   4,21889;  10,55315;  27,01572;-9999,00000;  22,02610;   7,42315;  32,48153;   0,00000; 165,86115;1012,80340;   4,60576;   2,96547;   7,40006;2260,18750; 210,17819;   0,00000;-9999,00000
2021-03-10 00:00:00; 53,38150;   4,22370;   9,96368;  26,89706;-9999,00000;  21,54706;   5,18703;  32,10416;   0,00000; 309,10828;1008,76874;   5,57339;   3,76356;   1,97395;2067,88180; 137,78294;   0,00000;-9999,00000
2021-03-09 00:00:00; 60,10661;   4,22330;   9,62505;  26,89707;-9999,00000;  21,53912;   4,67616;  32,12062;   0,00000;  27,09746;1009,67030;   6,51771;   4,74187;   1,36277;2133,16940;  96,45058;   0,00000;-9999,00000
2021-03-08 00:00:00; 59,27173;   4,22418;   9,98764;  26,89707;-9999,00000;  21,56789;   4,66618;  32,13217;   0,00000; 273,31815;1007,57184;  10,84743;   8,27766;   2,25097;2084,81800; 150,22923;   0,00000;-9999,00000
2021-03-07 00:00:00; 60,55652;   4,22123;  10,18198;  26,89706;-9999,00000;  21,61725;   4,85516;  32,21624;   0,00000; 159,55850;1014,73535;   7,34155;   5,02973;  -0,17787;2065,34300; 170,28336;   0,00000;-9999,00000
2021-04-02 00:00:00; 71,45565;   4,20189;  10,58277;  27,13501;-9999,00000;  22,95903;  14,31685;  33,32163;   0,00000; 186,80403;1001,00220;   6,14118;   4,74118;  12,59412;3467,90330;   0,00000;   0,00000;  11,57098
2021-04-01 00:00:00; 63,85166;   4,19997;  10,56833;  27,13509;-9999,00000;  22,69351;  13,08409;  33,14681;   0,00000; 162,92079;1005,72974;   8,93848;   6,39628;  14,85474;2345,86940; 215,18414;   0,00000;  11,68900
2021-04-18 00:00:00; 90,87485;   4,22453;  10,31328;  27,64495;-9999,00000;  23,95574;   7,99758;  34,66943;   0,02571; 329,92240;1005,69745;   8,19435;   5,49470;   7,10322;2250,13180;  70,37367;   0,00000;  13,21497
2021-04-17 00:00:00; 76,30489;   4,22466;  10,97252;  27,73212;-9999,00000;  22,48484;   7,53368;  33,61026;   0,00000; 307,53058;1007,55410;   7,29893;   4,40214;   7,25432;2347,79600; 107,50890;   0,00000;  13,26639
2021-02-26 00:00:00; 72,82374;   4,22575;   9,29767;  26,92460;-9999,00000;  21,89370;   7,12496;  32,36803;   0,00000; 172,81035;1016,03620;   4,33980;   2,77514;   9,63669;1991,57530; 138,18990;   0,09854;-9999,00000
2021-04-30 00:00:00; -9999,00000;   4,22577;  11,49859;-9999,00000;-9999,00000;-9999,00000;-9999,00000;-9999,00000;-9999,00000;-9999,00000;-9999,00000;-9999,00000;-9999,00000;-9999,00000;3762,37160;-9999,00000;-9999,00000;  13,16050
2021-03-12 00:00:00; 80,60122;   4,21993;   8,61454;  26,89191;-9999,00000;  22,60673;   6,16476;  32,77789;   0,01425; 154,12007;1002,92890;  11,30526;   8,72066;   7,83078;1914,74500;  74,35139;   0,48122;-9999,00000
2021-03-11 00:00:00; 53,54453;   4,22431;   9,77108;  26,89698;-9999,00000;  21,50346;   4,48735;  32,10703;   0,00000; 153,88617;1007,92810;  14,79697;  11,29913;   2,82703;2087,34080; 145,62947;   0,00000;-9999,00000
2021-04-04 00:00:00; -9999,00000;   4,20533;  11,00437;-9999,00000;-9999,00000;-9999,00000;-9999,00000;-9999,00000;-9999,00000;-9999,00000;-9999,00000;-9999,00000;-9999,00000;-9999,00000;3667,97560;-9999,00000;-9999,00000;  11,81064
2021-04-03 00:00:00; -9999,00000;   4,19482;  10,62943;-9999,00000;-9999,00000;-9999,00000;-9999,00000;-9999,00000;-9999,00000;-9999,00000;-9999,00000;-9999,00000;-9999,00000;-9999,00000;3535,53270;-9999,00000;-9999,00000;  11,85767
2021-04-22 00:00:00; 72,96387;   4,22531;  11,27328;  28,09580;-9999,00000;  23,34236;  11,21725;  34,37628;   0,00301; 206,14977;1006,50880;  14,70318;   9,56537;  12,03914;2498,43400; 202,50883;   0,41379;  13,15775
2021-04-21 00:00:00; 76,22020;   4,21616;  11,51384;  28,45194;-9999,00000;  24,40885;  10,44931;  34,75812;   0,00228; 177,51086;1005,13500;   8,38298;   5,23404;  10,84713;2452,95830; 198,39285;   1,51042;  13,19199
2021-04-20 00:00:00; 86,10723;   4,22543;  11,22677;  29,24210;-9999,00000;  23,68067;   9,51350;  36,07673;   0,01361; 261,39580;1003,13170;  10,12456;   6,73665;   9,45734;2474,75680; 157,92554;   0,67708;  13,22031
2021-04-19 00:00:00; 91,87704;   4,22463;  10,41152;  29,39641;-9999,00000;  25,30808;   8,64498;  36,88005;   0,00531; 346,48190;1004,22560;   6,12455;   3,80783;   7,97957;2516,63900;  69,76868;   0,55556;  13,19928
2021-04-23 00:00:00; 57,57792;   4,22581;  11,87454;  27,81719;-9999,00000;  23,00887;  11,48587;  34,17557;   0,00000; 295,55664;1012,38074;  18,10284;  12,45036;  10,23405;2473,50340; 261,72598;   0,00000;  13,22458
2021-04-09 00:00:00; 56,53525;   4,20685;  11,29267;  27,01572;-9999,00000;  21,88174;   7,38393;  32,60745;   0,00000; 152,81526;1015,28076;  14,16366;  10,92502;   5,60186;2433,45900; 242,52142;   0,00000;  11,95557
2021-04-08 00:00:00; 67,17145;   4,20731;  11,14163;  27,04793;-9999,00000;  21,90999;   7,19874;  32,70111;   0,00000; 238,65811;1012,47710;  13,24240;  10,43994;   2,18275;2378,80500; 162,81519;   0,00000;  11,98625
2021-04-07 00:00:00; 59,25710;   4,19778;  10,92876;  27,13507;-9999,00000;  22,00934;   7,80410;  32,81803;   0,00000; 279,33615;1001,24790;  16,07659;  12,79552;   3,14251;2308,89090; 169,07660;   0,00000;  11,92185
2021-04-06 00:00:00; 44,51836;   4,19805;  10,10968;  27,13481;-9999,00000;  22,16246;   8,81300;  32,96580;   0,00000; 290,59277; 997,13464;  20,82456;  88,71930;   4,69782;3040,73340; 160,49945;   0,00000;  11,57512
2021-04-05 00:00:00; -9999,00000;   4,20095;  11,05697;-9999,00000;-9999,00000;-9999,00000;-9999,00000;-9999,00000;-9999,00000;-9999,00000;-9999,00000;-9999,00000;-9999,00000;-9999,00000;3602,37570;-9999,00000;-9999,00000;  11,79733
