DATE; Napelem töltőfeszültség; Levegő-hőmérséklet; Talajhőmérséklet 0 cm; Talajnedvesség 90 cm; Szélirány; Csapadék; Szélsebesség; Talajnedvesség 120 cm; Talajnedvesség 30 cm; Belső akkufeszültség; Besugárzás; Légnyomás; Levegő-páratartalom; Talajnedvesség 60 cm; Külső akkufeszültség; Fagy; Levélnedvesség; Fényegység; Széllökés
2021-04-28 00:00:00; 10,92898;  11,70737;  10,54262;  21,78162;  89,12576;   0,00000;   2,31183;-9999,00000;  24,02298;   4,20539;  90,58099;1002,18870;  74,59383;-9999,00000;  13,09322;-9999,00000;   0,99303;2293,71530;   5,30824
2021-04-27 00:00:00; 11,89483;  11,25193;  10,34014;  21,84408;  58,39298;   0,00000;   3,74910;-9999,00000;  24,09217;   4,20800; 201,26761;1003,47644;  49,96733;-9999,00000;  13,17920;-9999,00000;   0,00000;2368,60420;   7,82796
2021-04-26 00:00:00; 12,03543;   9,06620;  10,20248;  21,89896;  48,57270;   0,00000;   4,03957;-9999,00000;  24,19493;   4,20824; 226,27208;1008,70640;  53,56710;-9999,00000;  13,19658;-9999,00000;   0,00000;2304,79520;   8,96043
2021-04-25 00:00:00; 11,96528;  10,83052;   9,76537;  21,90106; 300,44806;   0,00083;   3,51613;-9999,00000;  24,19403;   4,20937; 243,57394;1008,58640;  64,47401;-9999,00000;  13,14959;-9999,00000;   1,09756;2401,26050;   8,25806
2021-04-24 00:00:00; 12,16247;   9,04526;   9,88835;  21,93432;   5,47638;   0,00000;   3,34409;-9999,00000;  24,24665;   4,20923; 260,93310;1013,60547;  61,18580;-9999,00000;  13,18864;-9999,00000;   0,00000;2373,14580;   7,12186
2021-04-23 00:00:00; 11,91247;   9,96585;  10,91832;  21,93209; 318,25705;   0,00000;   4,80287;-9999,00000;  24,27894;   4,20937; 200,47704;1012,06934;  63,99715;-9999,00000;  13,17388;-9999,00000;   0,00000;2333,54520;   9,53763
2021-01-27 00:00:00; 7,82656;  -1,43617;   2,81566;  23,70485; 339,08560;   0,00000;   1,58333;-9999,00000;  30,80750;   4,20015;  43,18505;1005,01780;  93,52671;-9999,00000;  12,98056;-9999,00000;   0,38732;1608,58680;   3,83696
2021-01-25 00:00:00; 6,95875;   2,67350;   5,05532;  25,07401; 282,85034;   0,03841;   8,06498;-9999,00000;  32,20181;   4,20271;  34,02482; 990,81590;  91,49400;-9999,00000;  12,88340;-9999,00000;   2,22807;1532,38540;  15,42960
2021-01-24 00:00:00; 7,34094;   7,48064;   5,85604;  22,88733; 199,61975;   0,03980;   5,81004;-9999,00000;  30,37117;   4,20355;  36,18375; 989,81210;  85,85959;-9999,00000;  12,88654;-9999,00000;   1,01045;1745,96880;  12,42652
2021-01-23 00:00:00; 6,89652;  10,30772;   5,15564;  22,85105; 180,61974;   0,00000;  11,15412;-9999,00000;  30,52686;   4,18296;  33,92606; 993,19604;  71,26724;-9999,00000;  12,85538;-9999,00000;   0,17422;1624,11800;  22,06810
2021-01-22 00:00:00; 7,38384;   9,05298;   3,86679;  22,85105; 191,91933;   0,00000;  13,16487;-9999,00000;  30,71851;   4,20461;  41,19718;1001,48540;  74,39825;-9999,00000;  12,93724;-9999,00000;   0,00000;1626,19450;  25,79570
2021-01-04 00:00:00; 6,15328;   6,06408;   5,71525;  23,45439;  61,57563;   0,02080;   2,48921;-9999,00000;  31,11813;   4,18104;  12,16312;1003,50300;  97,49749;-9999,00000;  12,62555;-9999,00000;   3,60140;1519,36800;   5,35612
2021-01-03 00:00:00; 6,30060;   7,30317;   5,46997;  23,59147; 147,04100;   0,01493;   7,78495;-9999,00000;  30,55404;   4,19174;  18,50352;1005,94450;  76,89110;-9999,00000;  12,74543;-9999,00000;   0,55749;1490,00700;  13,71326
2021-01-02 00:00:00; 7,76345;   6,20530;   5,71134;  23,82111; 129,31363;   0,00000;   7,08633;-9999,00000;  30,94558;   4,19946;  53,98936;1008,78754;  72,12847;-9999,00000;  12,92384;-9999,00000;   0,00000;1713,58340;  12,05755
2021-01-28 00:00:00; 7,77590;  -0,42163;   2,00356;  23,47096; 261,87490;   0,00000;   4,67636;-9999,00000;  30,54618;   4,20578;  62,02847;1002,78625;  86,49430;-9999,00000;  13,03390;-9999,00000;   2,42105;1592,33680;   9,82182
2021-01-15 00:00:00; 7,14755;  -2,29680;   1,98321;  22,96878; 308,17773;   0,00000;   3,77899;-9999,00000;  30,23838;   4,18993;  46,04982;1007,96230;  91,01769;-9999,00000;  12,76372;-9999,00000;   5,07042;1520,22910;   7,72101
2021-01-26 00:00:00; 6,93823;   1,13192;   3,84235;  24,11128; 339,27600;   0,00000;   1,65343;-9999,00000;  31,18436;   4,19274;  24,53737;1001,44690;  90,67030;-9999,00000;  12,79571;-9999,00000;   0,66667;1598,28820;   4,16967
2021-03-15 00:00:00; 8,41001;   4,96502;   6,80532;  22,68972;  89,88571;   0,05243;  10,48921;-9999,00000;  27,53340;   4,19499;  26,02473; 994,14310;  92,25663;-9999,00000;-9999,00000;-9999,00000;   3,77622;1907,89930;  20,37410
2021-03-14 00:00:00; 9,07378;   8,16983;   7,18304;  22,61294; 215,88104;   0,01410;   5,49640;-9999,00000;  27,72788;   4,20494;  82,68551; 997,91580;  83,63474;-9999,00000;-9999,00000;-9999,00000;   2,03833;1848,59380;  11,32374
2021-03-13 00:00:00; 9,87348;   8,87465;   6,53323;  22,61294; 212,29929;   0,00498;   5,85252;-9999,00000;  27,73966;   4,20239; 156,30742;1004,54600;  76,71486;-9999,00000;-9999,00000;-9999,00000;   0,61189;1962,65620;  12,10791
2021-02-12 00:00:00; 7,37204;  -7,42107;   3,73011;  23,91041; 309,53693;   0,00420;   2,78545;-9999,00000;  31,73679;   4,18727;  58,69643;1019,83270;  84,77779;-9999,00000;  12,62120;-9999,00000;   0,03546;1734,70480;   5,93455
2021-01-06 00:00:00; 6,43844;   4,81590;   5,48865;  23,93547; 149,86964;   0,00166;   5,12274;-9999,00000;  31,06162;   4,17313;  17,54417;1004,43960;  93,13734;-9999,00000;  12,59471;-9999,00000;   1,53846;1604,52780;   9,82310
2021-01-05 00:00:00; 6,13207;   5,17993;   6,08516;  24,02581; 261,25986;   0,02654;   5,19065;-9999,00000;  31,96440;   4,16477;  15,21201;1002,09344;  97,55846;-9999,00000;  12,58092;-9999,00000;   2,11538;1471,70140;  10,91727
2021-01-30 00:00:00; 8,38113;   7,39049;   3,86489;  23,28064; 256,02362;   0,00249;   5,24820;-9999,00000;  31,30375;   4,20185;  75,79505; 990,75430;  87,81215;-9999,00000;  12,97043;-9999,00000;   1,03147;1664,49300;  10,70863
2021-01-29 00:00:00; 6,65894;   3,37244;   2,24929;  23,37291; 220,21596;   0,01914;   6,16187;-9999,00000;  30,53574;   4,19375;  18,28014; 993,42620;  98,15964;-9999,00000;  12,75793;-9999,00000;   2,98246;1467,81250;  12,85612
2021-03-19 00:00:00; 10,46368;   2,83569;   4,88440;  22,61294; 326,99550;   0,00000;   4,45848;-9999,00000;  29,21925;   4,20742; 147,07446;1006,80896;  64,36578;-9999,00000;-9999,00000;-9999,00000;   0,00000;1998,17710;   9,08664
2021-03-18 00:00:00; 9,54502;   3,47660;   5,07971;  22,61337;  64,72333;   0,00418;   6,05054;-9999,00000;  29,30321;   4,20465;  69,55674;1005,26886;  78,46326;-9999,00000;-9999,00000;-9999,00000;   2,13287;2038,53820;  13,19856
2021-03-17 00:00:00; 9,84636;   5,09789;   5,24205;  22,61294;  60,09804;   0,00000;  10,69784;-9999,00000;  29,48678;   4,20642;  86,15248;1001,24930;  68,71104;-9999,00000;-9999,00000;-9999,00000;   0,00000;1906,62840;  20,55755
2021-03-16 00:00:00; 9,59561;   5,36820;   5,72553;  22,66784; 356,23290;   0,00000;   8,71119;-9999,00000;  29,18839;   4,20151;  74,52128; 997,10455;  73,32004;-9999,00000;-9999,00000;-9999,00000;   0,00000;1942,02770;  16,06137
2021-01-08 00:00:00; 6,41791;   0,19574;   4,05978;  23,50062;  23,46274;   0,00000;   2,94928;-9999,00000;  30,52711;   4,17990;  18,45196;1006,95215;  96,26450;-9999,00000;  12,69967;-9999,00000;   2,67606;1550,45480;   6,15217
2021-02-04 00:00:00; 8,29762;  10,04456;   5,87102;  23,48846; 267,37735;   0,00580;   8,46953;-9999,00000;  30,83710;   4,20511;  76,30282;1004,55066;  79,57319;-9999,00000;  12,97920;-9999,00000;   1,13240;1695,56590;  15,75627
2021-02-03 00:00:00; 7,75163;   7,20845;   3,94099;  23,61757; 200,32490;   0,00249;   7,57194;-9999,00000;  30,92375;   4,19639;  52,56184;1004,11786;  90,50011;-9999,00000;  12,89056;-9999,00000;   0,29617;1710,46180;  15,25899
2021-02-02 00:00:00; 7,00424;   2,21560;   3,06122;  23,84276; 201,30177;   0,00084;   3,06498;-9999,00000;  31,39151;   4,17883;  18,64769;1004,13367;  97,83838;-9999,00000;  12,67982;-9999,00000;   0,94737;1531,26730;   6,86282
2021-02-01 00:00:00; 6,75678;   0,48375;   2,87865;  23,48585;  88,63877;   0,03006;   1,87004;-9999,00000;  31,96145;   4,19258;  17,05674; 994,62530;  97,82563;-9999,00000;  12,74704;-9999,00000;   4,05263;1453,26390;   5,14079
2021-01-31 00:00:00; 7,31491;   0,44220;   3,93688;  23,32703;  56,71935;   0,00501;   8,52708;-9999,00000;  31,20933;   4,19672;  37,49110; 994,46600;  89,37118;-9999,00000;  12,97039;-9999,00000;   2,82456;1530,97910;  17,42238
2021-01-13 00:00:00; 7,22506;   0,53852;   2,50392;  23,07247; 262,79437;   0,00334;   5,19495;-9999,00000;  30,20741;   4,18960;  56,56028;1002,70746;  89,05497;-9999,00000;  12,76251;-9999,00000;   0,45614;1711,35410;  10,72563
2021-01-14 00:00:00; 6,30973;  -0,47589;   2,22847;  22,99423; 259,44067;   0,01086;   4,16304;-9999,00000;  30,31836;   4,19346;  23,06050;1000,79090;  95,30545;-9999,00000;  12,57298;-9999,00000;   3,03509;1626,99300;   8,64130
2021-01-12 00:00:00; 6,16324;  -0,05035;   2,39964;  23,09025; 242,86572;   0,00501;   1,41667;-9999,00000;  29,87242;   4,17825;  14,80427;1007,65760;  99,01214;-9999,00000;  12,43777;-9999,00000;   3,22183;1545,97220;   3,81522
2021-01-11 00:00:00; 6,26082;  -0,25745;   2,27117;  23,19572;  64,16443;   0,00084;   1,28159;-9999,00000;  29,90754;   4,18323;  15,76512;1011,30440; 100,00000;-9999,00000;  12,57266;-9999,00000;   4,42105;1548,12160;   3,87004
2021-01-10 00:00:00; 6,36414;  -1,82872;   2,45908;  23,26184;  47,04541;   0,00000;   4,13091;-9999,00000;  30,14684;   4,19098;  15,33808;1014,07825;  99,99741;-9999,00000;  12,63212;-9999,00000;   5,07042;1611,63540;   9,94909
2021-01-09 00:00:00; 6,68140;  -2,63665;   3,00893;  23,36603; 147,85260;   0,00084;   1,56522;-9999,00000;  30,34285;   4,19513;  27,12500;1012,78894;  99,55687;-9999,00000;  12,83297;-9999,00000;   5,03521;1406,17020;   4,30072
2021-02-05 00:00:00; 6,99347;   6,25000;   5,82191;  23,44552; 162,29208;   0,00083;   2,09712;-9999,00000;  30,82491;   4,19262;  22,38516;1008,42210;  91,55183;-9999,00000;  12,83787;-9999,00000;   1,29371;1575,88200;   4,70863
2021-01-20 00:00:00; 6,94367;   2,48369;   1,02705;  22,85062; 199,59476;   0,00167;   8,52708;-9999,00000;  30,15825;   4,19577;  39,76868;1010,36145;  84,38661;-9999,00000;  12,75588;-9999,00000;   1,00000;1668,65970;  17,33935
2021-01-19 00:00:00; 6,49119;  -1,82908;   1,04022;  22,85105; 200,53981;   0,00167;   6,49275;-9999,00000;  29,92376;   4,19485;  27,09964;1014,15735;  94,62388;-9999,00000;  12,55869;-9999,00000;   1,68421;1620,62160;  13,86232
2021-01-18 00:00:00; 7,31484;  -5,53665;   1,19570;  22,85062; 206,23586;   0,00000;   2,26812;-9999,00000;  30,10103;   4,19874;  48,75000;1015,06320;  92,41613;-9999,00000;  12,84446;-9999,00000;   4,62898;1670,06950;   5,50362
2021-01-17 00:00:00; 6,45090;  -4,44520;   1,35464;  22,86040; 183,89348;   0,00000;   2,70182;-9999,00000;  30,14486;   4,19650;  39,25000;1009,85890;  92,62109;-9999,00000;  12,69207;-9999,00000;   5,08834;1622,52780;   5,85455
2021-01-16 00:00:00; 7,82493;  -5,56821;   1,69928;  22,95392; 324,47968;   0,00000;   1,89091;-9999,00000;  30,22177;   4,19971;  50,28674;1011,21350;  79,95018;-9999,00000;  12,93054;-9999,00000;   5,08834;1694,87840;   4,74909
2021-02-10 00:00:00; 7,52901;   6,84085;   6,42898;  23,99011; 187,47806;   0,01082;   4,87455;-9999,00000;  31,74238;   4,20199;  37,65018; 995,79630;  95,25701;-9999,00000;  12,89005;-9999,00000;   1,10140;1637,81950;   9,93190
2021-02-08 00:00:00; 6,98496;   6,89718;   6,05761;  23,33838; 211,93645;   0,05722;   5,61511;-9999,00000;  31,25970;   4,19147;  16,04240; 987,98724;  93,43128;-9999,00000;  12,65679;-9999,00000;   3,06620;1621,07980;  11,66547
2021-02-07 00:00:00; 7,30845;   5,83617;   5,70712;  23,32703;  81,63384;   0,00000;   2,52174;-9999,00000;  30,47163;   4,19410;  35,42705; 996,58370;  96,07719;-9999,00000;  12,82910;-9999,00000;   1,77972;1636,70480;   5,44928
2021-02-06 00:00:00; 6,93846;   5,37007;   5,78582;  23,39022;  64,92403;   0,00000;   2,21223;-9999,00000;  30,59440;   4,18696;  15,28269;1004,45050;  99,92563;-9999,00000;  12,67802;-9999,00000;   3,21678;1566,78120;   5,02518
2021-03-06 00:00:00; 10,09263;   1,74610;   5,22028;  22,85105;  94,27775;   0,00000;   6,59420;-9999,00000;  28,72048;   4,20664; 116,33452;1020,88520;  62,43809;-9999,00000;-9999,00000;-9999,00000;   0,00000;1927,38200;  13,18841
2021-01-21 00:00:00; 8,15192;   6,54225;   1,89647;  22,84263; 190,74040;   0,00000;  11,97834;-9999,00000;  30,94562;   4,20207;  69,18728;1008,00430;  77,95622;-9999,00000;  12,96470;-9999,00000;   0,00000;1686,28820;  23,64260
2021-02-22 00:00:00; 9,49200;   5,13943;   4,10461;  23,12320; 125,76811;   0,00000;   1,76619;-9999,00000;  30,56278;   4,20805; 124,15195;1020,96270;  84,16486;-9999,00000;  13,11377;-9999,00000;   3,04196;1865,86460;   3,85611
2021-02-21 00:00:00; 9,11585;   2,99149;   3,72163;  23,20379;  91,12849;   0,00000;   2,02527;-9999,00000;  30,65862;   4,20210;  91,75532;1021,75476;  93,74464;-9999,00000;  13,06456;-9999,00000;   3,44406;1770,75000;   4,21661
2021-02-20 00:00:00; 7,66529;   3,12014;   4,22775;  23,20801;  71,12192;   0,00832;   1,71583;-9999,00000;  30,58722;   4,19321;  26,47163;1018,16895;  95,79999;-9999,00000;  12,88355;-9999,00000;   1,84211;1784,80550;   4,24460
2021-01-07 00:00:00; 7,49012;   3,15583;   5,38653;  23,65071; 256,14840;   0,00000;   3,60432;-9999,00000;  30,74012;   4,19321;  52,51773;1006,13605;  92,07534;-9999,00000;  12,82844;-9999,00000;   2,12281;1544,73960;   7,88849
2021-02-11 00:00:00; 6,70013;  -0,15461;   5,98541;  23,96809; 285,32397;   0,01169;   7,90217;-9999,00000;  32,11221;   4,19324;  15,67616;1002,64240;  95,07512;-9999,00000;  12,64614;-9999,00000;   1,40351;1376,80550;  14,66667
2021-02-09 00:00:00; 7,81808;   6,51514;   5,85142;  23,98319; 200,31517;   0,02239;   5,62230;-9999,00000;  31,79159;   4,19949;  53,49823; 994,03330;  92,37703;-9999,00000;  12,88691;-9999,00000;   2,79720;1614,34380;  10,67266
2021-02-15 00:00:00; 9,40075;  -1,85957;   2,10964;  23,44594; 308,36980;   0,00000;   2,37319;-9999,00000;  31,03568;   4,20773; 111,28114;1025,87290;  81,70568;-9999,00000;  13,16048;-9999,00000;   0,01761;1730,73610;   5,06159
2021-02-14 00:00:00; 8,93779;  -2,37473;   2,40071;  23,54674; 350,34595;   0,00000;   2,66304;-9999,00000;  31,09246;   4,20800;  95,30357;1026,08860;  78,34285;-9999,00000;  13,11973;-9999,00000;   0,00000;1764,11460;   6,00725
2021-02-13 00:00:00; 9,02070;  -6,91071;   2,91792;  23,71480; 356,14584;   0,00168;   2,74088;-9999,00000;  31,36223;   4,20237; 109,65950;1025,18700;  77,32505;-9999,00000;  13,02727;-9999,00000;   0,00000;1762,48960;   5,60219
2021-02-25 00:00:00; 9,22554;   9,10778;   6,38830;  23,08898;  22,28924;   0,00000;   1,01439;-9999,00000;  30,18132;   4,20745; 120,03521;1024,69270;  80,36095;-9999,00000;  13,04055;-9999,00000;   2,70175;1865,52450;   2,70504
2021-02-23 00:00:00; 9,37345;   7,27042;   4,83816;  23,09151; 231,05220;   0,00083;   1,23022;-9999,00000;  30,44888;   4,20819; 124,68198;1023,93750;  83,62573;-9999,00000;  13,08470;-9999,00000;   2,67483;1859,58340;   3,34173
2021-02-24 00:00:00; 9,32963;   8,05880;   5,67527;  23,08898; 323,65222;   0,00083;   0,91007;-9999,00000;  30,30297;   4,20671; 117,13781;1027,31100;  82,09879;-9999,00000;  13,05881;-9999,00000;   2,57840;1865,32980;   2,53597
2021-02-27 00:00:00; 9,38529;   6,73415;   6,88869;  23,08898;  61,19389;   0,00000;   4,67266;-9999,00000;  29,92381;   4,20666;  86,46643;1018,28125;  76,98560;-9999,00000;-9999,00000;-9999,00000;   1,52098;1815,53120;  11,56475
2021-02-18 00:00:00; 8,79940;   3,45760;   2,69149;  23,22744;  34,70730;   0,00083;   1,52347;-9999,00000;  30,79789;   4,20487;  88,79433;1012,48310;  92,26373;-9999,00000;  13,02928;-9999,00000;   3,11189;1797,89590;   3,61733
2021-02-19 00:00:00; 8,24852;   5,00422;   3,56890;  23,20801; 173,29768;   0,00499;   4,74729;-9999,00000;  30,71642;   4,20528;  48,10954;1015,40890;  87,30033;-9999,00000;  13,00636;-9999,00000;   2,25524;1770,01730;  10,30325
2021-02-28 00:00:00; 9,90880;   5,39046;   5,93192;  23,08898; 335,15985;   0,00000;   3,14748;-9999,00000;  29,72427;   4,20735; 136,27208;1023,79160;  70,62524;-9999,00000;-9999,00000;-9999,00000;   0,99650;1868,80210;   6,62950
2021-02-17 00:00:00; 8,03195;   1,57199;   1,92740;  23,32703; 215,08768;   0,00251;   4,43682;-9999,00000;  30,86898;   4,20293;  38,22064;1010,73883;  80,28607;-9999,00000;  12,95252;-9999,00000;   0,92982;1725,09720;   9,19495
2021-02-16 00:00:00; 9,04061;  -1,27660;   1,79680;  23,34224; 205,54573;   0,00000;   2,33333;-9999,00000;  31,03832;   4,20792;  89,25267;1019,79047;  77,03895;-9999,00000;  13,17643;-9999,00000;   2,07746;1792,60070;   5,17029
2021-03-07 00:00:00; 10,25664;   2,31873;   4,22057;  22,85105; 217,71239;   0,00000;   3,28520;-9999,00000;  28,49462;   4,20759; 156,54256;1016,58636;  54,98955;-9999,00000;-9999,00000;-9999,00000;   0,00000;1980,35770;   7,57762
2021-03-05 00:00:00; 9,11922;   5,79930;   6,09149;  22,92788; 192,17078;   0,00416;   6,93525;-9999,00000;  28,81868;   4,20524;  82,34982;1006,67773;  77,34585;-9999,00000;-9999,00000;-9999,00000;   0,73427;1916,17020;  13,96403
2021-03-04 00:00:00; 9,32786;   6,57880;   5,95195;  22,97006; 202,02670;   0,00000;   2,92419;-9999,00000;  29,00244;   4,20630;  81,39576;1010,11816;  74,08958;-9999,00000;-9999,00000;-9999,00000;   0,08741;1887,38540;   6,74007
2021-03-03 00:00:00; 9,78612;   6,77711;   5,70745;  22,97006; 259,42914;   0,00000;   2,08633;-9999,00000;  29,13525;   4,20733; 145,69148;1021,47955;  70,09511;-9999,00000;-9999,00000;-9999,00000;   1,75958;1897,05550;   4,91727
2021-03-02 00:00:00; 10,01873;   4,55053;   5,50212;  22,98894; 352,76913;   0,00000;   2,02878;-9999,00000;  29,34757;   4,20164; 142,82686;1025,74170;  78,68644;-9999,00000;-9999,00000;-9999,00000;   2,12281;1959,64590;   4,83813
2021-03-01 00:00:00; 9,90944;   4,69085;   5,60745;  23,05646;  14,86023;   0,00000;   5,10108;-9999,00000;  29,53058;   4,20743; 138,93617;1022,70860;  74,89234;-9999,00000;-9999,00000;-9999,00000;   0,41958;1844,48610;  10,07581
2021-04-30 00:00:00; 11,44155;  17,10875;  12,89299;  21,71477; 230,49718;   0,02800;   4,41993;-9999,00000;  23,82101;   4,20761; 182,83217;1001,98000;  75,06979;-9999,00000;  13,05339;-9999,00000;   0,86806;2383,66670;  10,00356
2021-03-12 00:00:00; 9,40563;   8,24753;   4,88623;  22,61547; 238,03627;   0,00415;   8,55755;-9999,00000;  27,76534;   4,20492;  86,81338;1004,29425;  67,38630;-9999,00000;-9999,00000;-9999,00000;   1,23693;1844,31950;  17,26978
2021-03-11 00:00:00; 10,09913;   3,04382;   3,44326;  22,65350; 180,75934;   0,00000;   6,13718;-9999,00000;  27,92407;   4,20809; 154,67972;1010,58050;  55,52065;-9999,00000;-9999,00000;-9999,00000;   0,00000;1932,34720;  12,71480
2021-03-10 00:00:00; 10,28231;   0,58617;   3,60890;  22,73196;  54,00160;   0,00000;   3,84477;-9999,00000;  28,08613;   4,20748; 137,69504;1010,14386;  58,30872;-9999,00000;-9999,00000;-9999,00000;   0,00000;1960,91660;   7,81227
2021-03-09 00:00:00; 10,42550;   1,60213;   4,27936;  22,74002;  38,34354;   0,00000;   4,25271;-9999,00000;  28,21623;   4,20786; 150,67616;1010,82770;  53,69431;-9999,00000;-9999,00000;-9999,00000;   0,00000;2010,69090;   9,23105
2021-03-08 00:00:00; 10,15048;   2,78551;   3,97411;  22,81769; 225,54947;   0,00000;   3,89892;-9999,00000;  28,31490;   4,20776; 152,80142;1008,38890;  61,32000;-9999,00000;-9999,00000;-9999,00000;   0,00000;1990,17020;   8,60650
2021-03-25 00:00:00; 10,97929;   4,31237;   4,75958;  22,49402; 356,61220;   0,00000;   3,62094;-9999,00000;  28,21994;   4,20816; 198,67491;1012,40814;  51,65013;-9999,00000;-9999,00000;-9999,00000;   0,00000;2101,22920;   7,67509
2021-04-29 00:00:00; 11,60195;  15,90595;  11,49403;  21,76234; 201,83351;   0,00000;   5,28214;-9999,00000;  23,92451;   4,20830; 189,22807;1001,58480;  69,39608;-9999,00000;  13,09398;-9999,00000;   0,13889;2361,25340;  12,74286
2021-04-16 00:00:00; 11,42266;   5,62791;   8,03216;  22,02814; 272,67133;   0,00000;   4,25899;-9999,00000;  24,16255;   4,20816; 124,76950;1010,97000;  77,90234;-9999,00000;  13,21447;-9999,00000;   0,45455;2288,64230;   9,07914
2021-02-26 00:00:00; 9,42467;   9,84211;   6,95654;  23,08898; 265,28650;   0,00000;   1,21864;-9999,00000;  30,02968;   4,20752; 123,92226;1017,57697;  79,42313;-9999,00000;-9999,00000;-9999,00000;   2,38676;1848,82980;   3,25090
2021-04-09 00:00:00; 11,54295;   5,24261;   6,19539;  22,19857; 199,60152;   0,00000;   5,18705;-9999,00000;  24,88242;   4,20777; 233,16254;1018,28455;  60,46314;-9999,00000;  13,22941;-9999,00000;   0,96154;2268,75340;  10,89568
2021-04-13 00:00:00; 10,07851;   9,39331;  10,49295;  22,12191; 304,13715;   0,01410;   4,58064;-9999,00000;  23,84634;   4,20462;  53,83392;1006,21590;  86,87432;-9999,00000;  13,05490;-9999,00000;   2,17770;2097,69100;   9,30466
2021-04-12 00:00:00; 11,16778;  16,22867;   9,85367;  22,11201; 189,97961;   0,00000;   3,45357;-9999,00000;  23,90782;   4,20802; 216,12280;1008,08466;  46,28845;-9999,00000;  13,10328;-9999,00000;   0,00000;2256,27080;   7,85000
2021-04-14 00:00:00; 10,41568;   4,48692;   9,22589;  22,13705; 318,16235;   0,01248;   4,09747;-9999,00000;  24,26716;   4,20542;  68,58156;1007,95580;  93,88635;-9999,00000;  13,14360;-9999,00000;   5,01754;2226,17700;   8,83033
2021-04-15 00:00:00; 10,92931;   5,18873;   8,32234;  22,08602; 299,22116;   0,00499;   1,67148;-9999,00000;  24,24518;   4,20711;  91,21908;1010,53290;  82,92791;-9999,00000;  13,17849;-9999,00000;   1,20629;2208,58700;   4,66426
2021-04-20 00:00:00; 11,48045;   9,06491;   9,01131;  22,01467; 327,26407;   0,01327;   2,25448;-9999,00000;  24,13103;   4,20876; 117,88732;1003,94147;  87,19852;-9999,00000;  13,18623;-9999,00000;   1,58537;2295,63180;   5,12903
2021-04-21 00:00:00; 11,69934;  11,84983;   9,61973;  21,96899; 213,84682;   0,00000;   4,09319;-9999,00000;  24,14830;   4,20935; 230,77464;1006,63300;  78,72775;-9999,00000;  13,16495;-9999,00000;   1,41115;2299,44430;   9,19355
2021-04-10 00:00:00; 11,20683;  10,41473;   7,23099;  22,13706; 181,48822;   0,00000;   5,88889;-9999,00000;  24,44492;   4,20751; 213,02120;1012,53190;  45,59109;-9999,00000;  13,13882;-9999,00000;   0,00000;2239,24320;  12,54480
2021-04-22 00:00:00; 11,28796;  12,78169;  10,58261;  21,95892; 227,23514;   0,00496;   6,46403;-9999,00000;  24,22159;   4,20822; 225,96830;1007,90106;  72,03575;-9999,00000;  13,10571;-9999,00000;   0,50523;2172,89230;  13,78777
2021-04-11 00:00:00; 11,18393;  12,43368;   8,25442;  22,13663; 194,13383;   0,00000;   4,48387;-9999,00000;  24,19953;   4,20844; 207,70175;1011,31930;  50,59479;-9999,00000;  13,12552;-9999,00000;   0,00000;2305,24320;   9,64875
2021-04-19 00:00:00; 11,10166;   8,76514;   8,57386;  22,01593; 125,92222;   0,00083;   2,65591;-9999,00000;  24,07719;   4,20664; 106,62544;1006,10785;  85,95247;-9999,00000;  13,12695;-9999,00000;   1,21951;2241,89230;   5,90323
2021-04-07 00:00:00; 11,38968;   3,67244;   6,75532;  22,30835; 302,92530;   0,00000;   4,07220;-9999,00000;  25,43820;   4,20878; 197,57092;1000,92615;  66,06307;-9999,00000;  13,21864;-9999,00000;   0,05263;2197,60060;   8,43321
2021-04-08 00:00:00; 11,58058;   3,06773;   6,45177;  22,25598; 296,29990;   0,00000;   7,47292;-9999,00000;  25,29265;   4,20858; 161,11702;1012,68060;  70,52362;-9999,00000;  13,26855;-9999,00000;   0,03509;2257,46880;  13,87004
2021-04-18 00:00:00; 10,34311;   7,33768;   8,13853;  22,01804;  64,10445;   0,02405;   1,73741;-9999,00000;  24,08052;   4,20418;  50,08834;1007,24835;  93,02082;-9999,00000;  13,08290;-9999,00000;   4,52797;2168,52080;   4,77698
2021-04-17 00:00:00; 11,83366;   6,52711;   7,70072;  22,01804;  51,46268;   0,00000;   2,49281;-9999,00000;  24,11868;   4,19997; 191,48410;1009,17350;  71,65675;-9999,00000;  13,22806;-9999,00000;   1,69580;2297,66670;   5,73381
2021-04-01 00:00:00; 10,63665;  14,28316;   9,72001;  22,37834; 250,47928;   0,00000;   3,70714;-9999,00000;  26,90579;   4,20768; 163,43310;1007,34990;  72,76114;-9999,00000;  13,07111;-9999,00000;   1,70139;2130,89580;   8,14286
2021-04-03 00:00:00; 10,37790;   8,56210;  10,15972;  22,38425; 350,30893;   0,00083;   3,57348;-9999,00000;  26,44202;   4,20618; 120,19434;1002,90063;  65,20071;-9999,00000;  13,06081;-9999,00000;   0,52265;2092,56600;   8,03584
2021-04-04 00:00:00; 10,34613;   5,38445;   8,92447;  22,39019; 102,54319;   0,01165;   5,25271;-9999,00000;  26,13066;   4,20578;  67,86219;1007,52920;  79,30778;-9999,00000;  13,13414;-9999,00000;   0,57692;2122,83330;  10,25993
2021-04-05 00:00:00; 11,42180;   6,18028;   7,56241;  22,37500; 197,49884;   0,00000;   5,71942;-9999,00000;  25,86651;   4,20544; 223,24467;1002,86130;  60,97242;-9999,00000;  13,19828;-9999,00000;   0,59649;2226,61450;  11,53237
2021-04-06 00:00:00; 10,45632;   3,75583;   7,38369;  22,37500; 243,24265;   0,00416;   6,34657;-9999,00000;  25,58546;   4,20634;  63,91844; 995,88990;  80,76005;-9999,00000;  13,15522;-9999,00000;   0,87413;2136,99320;  12,27798
2021-04-02 00:00:00; 10,65099;  13,18421;  10,79120;  22,37542;  21,48173;   0,00083;   5,07527;-9999,00000;  26,71388;   4,20791; 138,07018;1001,24493;  70,65891;-9999,00000;  13,07650;-9999,00000;   0,13937;2138,99320;  10,40860
2021-03-28 00:00:00; 10,83130;  10,47280;   7,82647;  22,39513; 306,70580;   0,00000;   6,02985;-9999,00000;  27,75931;   4,20683; 162,02206;1019,62646;  47,32579;-9999,00000;-9999,00000;-9999,00000;   0,00000;2149,05080;  11,39925
2021-03-29 00:00:00; 10,78708;   8,23438;   7,24453;  22,42129; 328,97668;   0,00000;   2,58633;-9999,00000;  27,56519;   4,20843; 140,22887;1022,54970;  56,97086;-9999,00000;-9999,00000;-9999,00000;   0,00000;2130,93070;   5,56835
2021-03-30 00:00:00; 10,58678;  11,64772;   8,11304;  22,38758;  44,79146;   0,00000;   2,12545;-9999,00000;  27,32858;   4,20826; 154,68310;1020,52860;  56,41242;-9999,00000;-9999,00000;-9999,00000;   0,00000;2144,23600;   4,77061
2021-03-31 00:00:00; 10,70288;  12,34877;   9,19576;  22,37584;  39,82117;   0,00000;   2,10394;-9999,00000;  27,13501;   4,20746; 142,14789;1016,10297;  68,44696;-9999,00000;  13,08248;-9999,00000;   0,10453;2150,10060;   4,91756
2021-03-20 00:00:00; 10,60835;   1,97809;   4,76347;  22,61294;  26,75095;   0,00000;   3,09386;-9999,00000;  29,05890;   4,20220; 153,13829;1011,55510;  65,66711;-9999,00000;-9999,00000;-9999,00000;   0,94737;2030,10410;   6,60289
2021-03-21 00:00:00; 10,87082;   1,99858;   4,47936;  22,55278; 345,34103;   0,00000;   2,47653;-9999,00000;  28,89796;   4,20801; 172,88257;1007,31460;  58,53634;-9999,00000;-9999,00000;-9999,00000;   0,00000;2096,07980;   5,77978
2021-03-22 00:00:00; 9,96112;   1,49647;   4,08758;  22,51380;  34,46380;   0,00000;   6,38989;-9999,00000;  28,74274;   4,20622;  81,24113;1002,07200;  65,95734;-9999,00000;-9999,00000;-9999,00000;   0,01761;2031,60770;  13,23466
2021-03-23 00:00:00; 10,67624;   4,31944;   3,84752;  22,49402;  33,40100;   0,00000;   5,75451;-9999,00000;  28,52792;   4,20756; 135,79787;1008,59100;  59,07594;-9999,00000;-9999,00000;-9999,00000;   0,08741;2042,72910;  11,41516
2021-03-26 00:00:00; 10,63295;   7,85950;   5,83994;  22,47511;  86,61295;   0,00000;   2,08244;-9999,00000;  28,05121;   4,20745; 185,75972;1014,58760;  57,67187;-9999,00000;-9999,00000;-9999,00000;   0,00000;2105,85770;   5,39785
2021-03-24 00:00:00; 11,16747;   4,94275;   5,09183;  22,49402;  61,16517;   0,00166;   8,18773;-9999,00000;  28,36301;   4,20805; 204,07802;1010,51294;  54,32901;-9999,00000;-9999,00000;-9999,00000;   0,31469;2092,19100;  15,28159
2021-03-27 00:00:00; 10,76958;   9,87053;   6,75618;  22,42088; 177,60732;   0,00000;   4,54317;-9999,00000;  27,90657;   4,20814; 191,67845;1014,24650;  55,54151;-9999,00000;-9999,00000;-9999,00000;   0,00000;2112,63900;   9,53237
