DATE; Napelem töltőfeszültség; Levegő-hőmérséklet; Levegő-páratartalom; Légnyomás; Széllökés; Belső akkufeszültség; Talajnedvesség 60 cm; Talajnedvesség 30 cm; Szélirány; Talajnedvesség 60 cm; Talajhőmérséklet 0 cm; Besugárzás; Fagy; Fényegység; Csapadék; Levélnedvesség; Szélsebesség; Külső akkufeszültség
2021-04-23 00:00:00; 12,18421;   9,74455;  62,83226;1012,78720;  11,68440;   4,23536;  25,46875;  29,47902; 302,23282;  25,48561;  11,11771; 228,63637;-9999,00000;2424,82800;   0,00000;   0,02010;   8,69662;  13,29709
2021-04-22 00:00:00; 11,54502;  12,37857;  71,98438;1008,15656;  18,18476;   4,23399;  25,46318;  29,66738; 210,68109;  25,69714;  11,57345; 219,24232;-9999,00000;2407,56880;   0,00235;   0,25069;  14,52480;  13,24726
2021-04-21 00:00:00; 11,81635;  11,04500;  76,92557;1006,94696;   9,80603;   4,23544;  25,31309;  29,90624; 207,04428;  25,98806;  10,92042; 232,58210;-9999,00000;2491,01460;   0,00000;   0,25104;   7,39009;  13,29283
2021-04-20 00:00:00; 11,52954;   8,76389;  83,98473;1004,48500;   7,13741;   4,23534;  25,09091;  30,51382; 270,31464;  25,07295;   9,32867; 131,30252;-9999,00000;2416,88330;   0,00521;   0,29750;   5,26475;  13,30608
2021-04-18 00:00:00; 10,55976;   7,16088;  86,56257;1007,61750;   7,87518;   4,23064;  25,10650;  29,33360;  48,38207;  24,39498;   7,91206;  52,13885;-9999,00000;2349,28200;   0,00673;   0,00903;   5,81169;  13,27584
2021-04-17 00:00:00; 11,81255;   7,45576;  67,43394;1009,41820;   6,58099;   4,23719;  25,11160;  28,80026; 129,62987;  24,39832;   8,26635; 183,68956;-9999,00000;2420,47140;   0,00000;   0,00000;   4,58459;  13,36325
2021-01-25 00:00:00; 7,51117;   1,84595;  89,22836; 991,44670;  21,32875;   4,21390;  31,10207;  36,09559; 258,06238;  30,25687;   1,83190;  70,19704;-9999,00000;2112,83470;   0,00625;   0,30635;  16,83490;  13,00142
2021-01-26 00:00:00; 7,11131;   0,57688;  89,63411;1001,93810;   6,80783;   4,21354;  27,68937;  31,97080; 298,39740;  27,81020;   1,26948;  32,46827;-9999,00000;2283,54790;   0,00000;   0,00000;   4,85859;  12,94635
2021-01-24 00:00:00; 7,17184;   6,21578;  86,29100; 990,14075;  12,91198;   4,21159;  25,04442;  27,10659; 201,76767;  23,79333;   5,09366;  38,53787;-9999,00000;2199,34720;   0,00842;   0,00000;   9,97475;  12,94773
2021-01-23 00:00:00; 6,65320;   9,28793;  76,20779; 993,17340;  26,23453;   4,21073;  24,64558;  26,72077; 166,70580;  23,33007;   5,91348;  28,04545;-9999,00000;2296,66190;   0,00017;   0,00000;  20,86906;  12,89566
2021-01-22 00:00:00; 6,97452;   7,38718;  81,66771;1001,32290;  25,01154;   4,21454;  24,61779;  26,96450; 167,00847;  23,32699;   4,48632;  39,76891;-9999,00000;2164,83130;   0,00000;   0,00000;  19,88167;  13,04629
2021-01-28 00:00:00; 7,78605;  -0,98940;  85,84103;1002,70160;  12,29993;   4,21565;  26,43584;  29,66357; 219,52824;  26,37316;  -0,02122;  60,27542;-9999,00000;2287,78270;   0,00000;   0,00000;   9,37400;  13,14353
2021-01-10 00:00:00; 6,36555;  -1,92521;  96,78705;1014,43110;  13,30160;   4,21990;  25,64507;  27,10877;  31,25271;  23,58992;   0,08705;  17,84251;-9999,00000;2213,86820;   0,00000;   0,52134;  10,54579;  12,81231
2021-01-11 00:00:00; 6,44836;  -0,66683;  93,80687;1011,76733;   9,52574;   4,21639;  25,43954;  26,80920; 349,67032;  23,46277;   0,08833;  24,81651;-9999,00000;2138,60130;   0,00017;   0,05524;   7,34663;  12,73248
2021-01-09 00:00:00; 7,85328;  -0,93120;  92,82123;1012,75000;   4,43541;   4,22300;  25,76849;  27,23256; 241,48236;  23,83967;   0,64674;  73,96613;-9999,00000;2188,33540;   0,00000;   0,26294;   2,96444;  13,02470
2021-01-08 00:00:00; 6,51853;   0,12468;  93,67833;1007,38586;   8,02248;   4,22168;  25,99285;  27,44686;  19,90511;  24,10846;   1,09993;  20,22214;-9999,00000;2043,13270;   0,00000;   0,22711;   6,06091;  12,79395
2021-01-27 00:00:00; 8,66506;  -0,88440;  85,01714;1005,23280;   6,69231;   4,21699;  26,89656;  30,23677; 295,02270;  26,91032;   0,41549;  96,82075;-9999,00000;2354,24170;   0,00000;   0,00000;   4,70972;  13,16635
2021-01-03 00:00:00; 6,45605;   5,99630;  84,14549;1006,00700;  12,18110;   4,22857;  25,99994;  27,39167; 126,46914;  24,09605;   4,21678;  27,11431;-9999,00000;2242,88060;   0,00051;   0,00000;   9,53680;  12,91067
2021-01-04 00:00:00; 6,21888;   5,58421;  95,14999;1004,06793;   7,93218;   4,22446;  26,67659;  28,88272;  44,24208;  25,00939;   4,56448;  16,40954;-9999,00000;2096,37570;   0,00404;   0,57331;   6,03896;  12,77501
2021-01-02 00:00:00; 7,95323;   5,16813;  80,58252;1008,77870;  12,55988;   4,23157;  26,63585;  27,80652; 119,27813;  24,62627;   3,92674;  76,20084;-9999,00000;2241,11600;   0,00000;   0,00000;   9,92857;  13,04325
2021-01-14 00:00:00; 6,68705;   0,15789;  87,09329;1000,78700;  13,78463;   4,21372;  25,01115;  26,73724; 257,04010;  23,21659;   0,12042;  27,37139;-9999,00000;2148,33520;   0,00017;   0,00000;  10,64612;  12,89973
2021-01-13 00:00:00; 8,02846;   0,64296;  84,73817;1002,91040;  16,42971;   4,21776;  25,09314;  26,73375; 253,67160;  23,28540;   0,38588;  82,21791;-9999,00000;2127,92430;   0,00000;   0,00000;  12,76667;  12,98665
2021-01-12 00:00:00; 6,54730;  -0,59737;  95,62730;1007,81960;   5,24311;   4,21774;  25,29582;  26,75993; 236,59796;  23,33396;   0,36092;  32,82793;-9999,00000;2176,91670;   0,00119;   0,00000;   3,73585;  12,76586
2021-02-16 00:00:00; 8,86052;  -1,13576;  76,92722;1019,48300;   8,52796;   4,21916;  25,98659;  29,60416; 137,68175;  25,75519;  -0,51563;  87,36062;-9999,00000;2366,77080;   0,00000;   0,00000;   6,45025;  13,24809
2021-02-15 00:00:00; 9,77128;  -2,68701;  78,84652;1025,86850;   7,19636;   4,21755;  26,14870;  29,67256; 308,48532;  25,92679;  -0,83749; 126,12447;-9999,00000;2365,86380;   0,00000;   0,00000;   5,36145;  13,35492
2021-02-14 00:00:00; 9,32968;  -2,92725;  76,66873;1026,17360;   9,17224;   4,21627;  26,36445;  29,93464; 302,78033;  26,18112;  -0,90050; 110,42786;-9999,00000;2384,44970;   0,00000;   0,00000;   6,89099;  13,29105
2021-02-13 00:00:00; 9,86364;  -6,76857;  73,96488;1024,92380;   7,80073;   4,21486;  26,69269;  30,72104; 303,79303;  26,58496;  -1,17688; 129,57741;-9999,00000;2390,99780;   0,00000;   0,00000;   5,75183;  13,36224
2021-01-06 00:00:00; 6,61671;   4,19036;  93,50118;1004,44824;  12,12861;   4,21541;  27,04534;  28,45428; 135,60830;  24,89889;   3,93299;  24,13273;-9999,00000;2274,85840;   0,00017;   0,08281;   9,35766;  12,66424
2021-01-05 00:00:00; 6,18203;   5,09305;  93,96988;1002,55426;  15,67581;   4,21870;  29,41700;  31,29226; 243,27243;  26,93798;   5,05299;  19,57163;-9999,00000;2038,93540;   0,00253;   0,30341;  12,20794;  12,69724
2021-02-23 00:00:00; 9,65682;   6,61826;  82,30374;1024,27990;   5,60634;   4,22382;  25,63397;  30,26921; 336,44232;  25,63927;   5,30589; 143,88226;-9999,00000;2431,05350;   0,00000;   0,12083;   3,99063;  13,22822
2021-02-22 00:00:00; 9,73708;   5,09050;  84,27022;1020,99200;   6,51480;   4,22278;  25,69215;  30,28886; 100,06480;  25,60776;   4,19113; 148,75351;-9999,00000;2453,35990;   0,00017;   0,38831;   4,87437;  13,23542
2021-02-21 00:00:00; 9,45465;   2,92363;  91,70336;1021,78560;   7,25109;   4,22136;  25,66684;  30,40633;  87,66905;  25,54821;   3,19309; 106,81083;-9999,00000;2436,96730;   0,00000;   0,63693;   5,53907;  13,20521
2021-02-18 00:00:00; 9,48266;   3,62050;  85,58656;1012,55853;   6,14740;   4,21907;  25,82594;  29,95789; 325,12020;  25,58809;   1,79296; 135,47786;-9999,00000;2354,05900;   0,00000;   0,29318;   4,54769;  13,20183
2021-02-20 00:00:00; 7,52491;   3,00163;  91,64936;1018,45730;   6,82791;   4,21704;  25,76618;  30,56300;  17,77876;  25,55103;   3,05445;  25,26001;-9999,00000;2310,36250;   0,00084;   0,10933;   5,10268;  12,94551
2021-02-17 00:00:00; 7,74076;   0,92951;  82,24404;1010,60440;  10,38450;   4,21465;  25,91280;  29,69181; 182,70656;  25,60429;  -0,17461;  37,77817;-9999,00000;2320,70580;   0,00000;   0,01884;   8,02172;  13,08448
2021-01-31 00:00:00; 7,57085;   0,29865;  83,42944; 994,85840;  24,52647;   4,20782;  26,64778;  30,05297;  23,57327;  26,76093;   1,17599;  47,03312;-9999,00000;2281,74730;   0,00000;   0,00000;  19,87527;  13,13686
2021-01-30 00:00:00; 8,39300;   6,55563;  86,14683; 991,00100;  13,39005;   4,21071;  27,04033;  31,28089; 237,36075;  27,29149;   4,65547;  83,01543;-9999,00000;2313,43120;   0,00000;   0,00000;  10,60779;  13,09354
2021-02-26 00:00:00; 9,59422;   9,83141;  73,49186;1017,74440;   5,55715;   4,22074;  25,60148;  30,03738; 188,70915;  25,58793;   7,53137; 144,51433;-9999,00000;2460,50420;   0,00000;   0,24255;   3,92020;-9999,00000
2021-01-29 00:00:00; 6,79906;   3,33280;  94,59927; 993,27150;  16,58641;   4,21137;  26,41280;  32,46483; 199,17584;  27,51448;   2,06386;  20,39354;-9999,00000;2214,20140;   0,00304;   0,00000;  13,07592;  12,83270
2021-02-24 00:00:00; 9,52663;   7,58122;  80,09122;1027,69260;   4,43948;   4,22327;  25,64022;  30,19763; 255,94920;  25,66644;   6,02960; 135,27661;-9999,00000;2390,39580;   0,00000;   0,36155;   3,09294;  13,20870
2021-02-25 00:00:00; 9,48236;   9,09803;  73,62611;1024,85910;   4,55755;   4,22276;  25,61618;  30,12984; 168,12280;  25,64104;   7,00719; 139,72028;-9999,00000;2461,98540;   0,00000;   0,00000;   3,13669;  13,14710
2021-01-16 00:00:00; 7,81995;  -3,89772;  81,04088;1010,94120;   6,06186;   4,21035;  24,69532;  26,21014; 236,04681;  23,09004;  -0,73496;  55,82095;-9999,00000;2189,88960;   0,00000;   0,00000;   4,46288;  13,07908
2021-01-15 00:00:00; 7,18188;  -2,17841;  87,64658;1008,06740;  11,48474;   4,21192;  24,84426;  26,54738; 300,65594;  23,20752;  -0,31657;  45,09894;-9999,00000;2205,52560;   0,00000;   0,00000;   8,92006;  13,00363
2021-02-04 00:00:00; 8,84802;   9,32640;  77,96090;1004,95550;  18,90791;   4,20209;  26,45275;  29,94437; 245,47054;  26,63983;   7,06839; 105,32517;-9999,00000;2307,72700;   0,00034;   0,00000;  15,02302;  13,11026
2021-02-03 00:00:00; 7,88291;   6,54713;  90,66122;1003,93884;  19,60346;   4,20540;  26,58081;  30,32848; 177,89046;  26,69003;   4,78609;  62,32656;-9999,00000;2256,11740;   0,00017;   0,47361;  15,21629;  12,99651
2021-02-01 00:00:00; 6,91916;  -0,46527;  92,70197; 994,80206;   7,04641;   4,20506;  26,68227;  31,62250; 268,81840;  27,29814;   0,40021;  27,87377;-9999,00000;2138,65900;   0,00136;   0,00000;   5,28644;  12,93017
2021-02-02 00:00:00; 7,00504;   0,93198;  96,65810;1004,23126;   8,92246;   4,20188;  26,87509;  31,81548; 207,25041;  27,02830;   1,23105;  21,07747;-9999,00000;2189,48270;   0,00203;   0,28073;   6,62899;  12,77206
2021-02-06 00:00:00; 6,96372;   4,99648;  97,43308;1004,72380;   8,12419;   4,19812;  25,89707;  29,77943;  30,37058;  25,98607;   5,02222;  15,31907;-9999,00000;2198,37280;   0,00000;   0,99374;   6,19928;  12,73118
2021-01-20 00:00:00; 7,48337;   1,87583;  87,50066;1009,98676;  17,76667;   4,20979;  24,48378;  26,04458; 176,98291;  22,79566;  -0,18045;  54,33498;-9999,00000;2270,28880;   0,00000;   0,00000;  14,00362;  12,96703
2021-01-21 00:00:00; 8,27779;   4,81332;  84,26098;1007,68506;  23,71356;   4,21725;  24,58032;  27,37917; 167,42723;  23,13411;   1,88860;  80,64606;-9999,00000;2249,75680;   0,00000;   0,00000;  18,84271;  13,13419
2021-01-18 00:00:00; 8,13257;  -5,61159;  88,78414;1014,82830;   6,63338;   4,20883;  24,50162;  25,36894; 236,25060;  22,92656;  -1,29816;  75,83688;-9999,00000;2297,36870;   0,00000;   0,00000;   4,90233;  13,13064
2021-01-19 00:00:00; 6,82225;  -1,32342;  91,17390;1013,68896;  14,90850;   4,20662;  24,43978;  24,92845; 185,48296;  22,81443;  -0,75342;  35,37756;-9999,00000;2361,94920;   0,00034;   0,00000;  11,70225;  12,89302
2021-01-17 00:00:00; 7,04461;  -3,72320;  90,01352;1009,58480;   6,54764;   4,20716;  24,59163;  25,75802; 288,24597;  22,98464;  -0,86583;  54,84065;-9999,00000;2272,47920;   0,00017;   0,00000;   4,82618;  12,95515
2021-02-10 00:00:00; 7,25044;   5,94936;  91,82364; 995,82710;   9,22206;   4,20042;  27,58119;  33,24907; 156,67021;  27,68999;   5,42330;  35,39621;-9999,00000;2273,21660;   0,00269;   0,55038;   7,05624;  12,85657
2021-02-09 00:00:00; 7,51247;   5,30496;  90,20938; 994,17096;  11,17112;   4,20192;  27,99042;  34,24589; 167,89111;  28,12251;   4,75788;  50,88772;-9999,00000;2309,82500;   0,00202;   0,10926;   8,69964;  12,88352
2021-02-08 00:00:00; 6,97508;   6,33227;  87,58203; 987,99414;  20,20332;   4,19657;  28,48824;  33,62081; 191,07883;  28,72890;   5,57456;  21,18513;-9999,00000;2227,63620;   0,00892;   0,22238;  15,58327;  12,71327
2021-02-07 00:00:00; 7,23392;   5,53519;  91,17054; 996,69080;  10,48592;   4,19530;  26,05427;  29,50986;  71,28057;  26,05030;   5,01415;  40,18961;-9999,00000;2234,51220;   0,00017;   0,11134;   8,14513;  12,87086
2021-03-13 00:00:00; 10,31692;   8,35225;  73,80675;1004,65810;  16,15767;   4,22469;  24,95650;  26,86484; 189,33449;  24,25616;   7,12713; 181,72620;-9999,00000;2507,45970;   0,00017;   0,00000;  12,51044;-9999,00000
2021-02-05 00:00:00; 7,04415;   5,84165;  89,35989;1008,46780;   7,05051;   4,19967;  26,27687;  29,60159; 115,31158;  26,39913;   4,95987;  20,06662;-9999,00000;2248,25500;   0,00034;   0,02990;   5,40909;  12,90155
2021-03-01 00:00:00; 10,21519;   4,00022;  72,86213;1023,11523;  12,12861;   4,22538;  25,43894;  29,04360;  32,23089;  25,34615;   4,20486; 161,09628;-9999,00000;2518,05350;   0,00000;   0,00000;   9,41257;-9999,00000
2021-02-28 00:00:00; 10,02000;   4,85439;  68,67049;1024,19310;   8,18195;   4,22519;  25,49532;  29,37236; 278,04254;  25,46180;   4,81271; 156,82584;-9999,00000;2422,49780;   0,00000;   0,00000;   6,07076;-9999,00000
2021-02-27 00:00:00; 9,20650;   6,94508;  71,99939;1018,94336;  12,89538;   4,22150;  25,58538;  29,70870;   1,89380;  25,56085;   5,86558;  91,40505;-9999,00000;2397,98200;   0,00000;   0,00000;  10,08586;-9999,00000
2021-01-07 00:00:00; 7,49635;   2,62408;  91,65929;1006,49180;   8,89725;   4,22321;  26,39036;  27,88658; 226,99455;  24,45445;   3,19435;  60,65447;-9999,00000;2230,28560;   0,00000;   0,25453;   6,83285;  12,95550
2021-02-12 00:00:00; 9,40574;  -6,63914;  76,58221;1019,52960;   8,13348;   4,20087;  27,36001;  31,78570; 288,25885;  27,15135;  -0,24997; 111,82269;-9999,00000;2398,95750;   0,00017;   0,00000;   5,91612;  13,11113
2021-02-11 00:00:00; 7,08662;  -0,93662;  86,38308;1003,30050;  22,04648;   4,19893;  28,91754;  33,07187; 315,99994;  28,56975;   2,01918;  16,91031;-9999,00000;2260,68650;   0,00203;   0,00000;  17,01235;  12,63260
2021-03-09 00:00:00; 10,52249;   0,81087;  54,61347;1011,11000;  11,61449;   4,22622;  24,98823;  27,32478;   9,41805;  24,62154;   1,99428; 169,34813;-9999,00000;2595,61600;   0,00000;   0,00000;   8,90869;-9999,00000
2021-03-06 00:00:00; 10,25289;   1,69929;  55,54878;1021,27325;  14,03693;   4,22684;  25,20098;  27,98372; 337,06284;  24,90050;   2,55424; 138,93310;-9999,00000;2476,61180;   0,00000;   0,00000;  10,78059;-9999,00000
2021-03-04 00:00:00; 9,40525;   6,52612;  67,20746;1010,02150;  10,22799;   4,22559;  25,32180;  28,47199; 196,65244;  25,11084;   5,08144;  94,39341;-9999,00000;2406,15820;   0,00000;   0,00000;   7,88384;-9999,00000
2021-03-05 00:00:00; 9,14160;   5,56040;  74,36296;1006,97784;  15,96032;   4,22536;  25,27634;  28,36133; 224,19797;  25,02215;   4,91645;  74,81403;-9999,00000;2510,02780;   0,00051;   0,00000;  12,49206;-9999,00000
2021-03-03 00:00:00; 10,03734;   6,96121;  62,36242;1021,39703;   8,36554;   4,22511;  25,34973;  28,68923; 210,03477;  25,15360;   5,29795; 169,98598;-9999,00000;2473,74150;   0,00000;   0,00000;   6,31723;-9999,00000
2021-03-02 00:00:00; 10,13135;   4,32169;  72,30554;1026,01320;   6,32924;   4,22578;  25,37812;  28,78301; 275,94943;  25,22980;   4,36480; 165,74790;-9999,00000;2466,79600;   0,00000;   0,00000;   4,51047;-9999,00000
2021-03-14 00:00:00; 9,26404;   7,87046;  78,95891; 998,20990;  13,63355;   4,22467;  24,96492;  27,24451; 253,28116;  24,23361;   6,98089;  90,31863;-9999,00000;2439,63620;   0,00151;   0,00000;  10,24982;-9999,00000
2021-03-12 00:00:00; 9,49989;   8,45873;  64,24072;1004,25670;  22,28242;   4,22326;  24,93226;  26,62543; 219,87329;  24,19765;   6,01087;  98,99860;-9999,00000;2473,28400;   0,00084;   0,00000;  17,34654;-9999,00000
2021-03-11 00:00:00; 10,13958;   2,64304;  53,56237;1010,29535;  16,44975;   4,22557;  24,87423;  26,94549; 170,88719;  24,38581;   2,55867; 169,94019;-9999,00000;2514,76460;   0,00000;   0,00000;  12,33695;-9999,00000
2021-03-10 00:00:00; 10,47492;   0,49168;  55,60860;1010,21890;   9,73478;   4,22688;  24,92739;  27,14457;  18,40626;  24,51711;   1,58290; 163,69795;-9999,00000;2549,71390;   0,00000;   0,00000;   7,42464;-9999,00000
2021-03-08 00:00:00; 10,39735;   2,93196;  55,26524;1008,36390;  12,64084;   4,22766;  25,04020;  27,50502; 258,19952;  24,70963;   2,59633; 176,59395;-9999,00000;2566,01880;   0,00000;   0,00000;   9,65750;-9999,00000
2021-03-07 00:00:00; 10,37124;   0,75000;  56,97360;1016,35960;  10,38812;   4,22790;  25,09746;  27,59624; 196,11797;  24,75908;   1,75840; 179,13963;-9999,00000;2511,07500;   0,00000;   0,00000;   7,90876;-9999,00000
2021-04-30 00:00:00; 11,88734;  17,16132;  69,88803;1002,36633;  15,11588;   4,23645;  25,34991;  28,93327; 192,05858;  24,93456;  15,64135; 195,88379;-9999,00000;2519,45920;   0,00067;   0,00000;  11,67883;  13,22094
2021-03-19 00:00:00; 10,58900;   1,74694;  63,58478;1007,03290;  10,52971;   4,22658;  24,75877;  26,29699; 318,11826;  24,18245;   3,51495; 170,65187;-9999,00000;2585,97140;   0,00000;   0,00000;   7,92029;-9999,00000
2021-03-18 00:00:00; 9,93683;   4,57639;  59,91060;1005,63873;  21,71480;   4,22537;  24,84483;  26,49648;   3,70850;  24,29511;   4,16891;  96,38343;-9999,00000;2532,39450;   0,00000;   0,00000;  17,47653;-9999,00000
2021-04-19 00:00:00; 11,10873;   8,41751;  84,32903;1006,50730;   6,67891;   4,23576;  25,11185;  29,70685;  87,17454;  24,45567;   8,56793;  86,02241;-9999,00000;2410,58470;   0,00017;   0,07069;   4,74514;  13,31069
2021-03-17 00:00:00; 10,27878;   5,66382;  61,61129;1002,00930;  26,92708;   4,22508;  24,88024;  26,82214; 338,33176;  24,39790;   4,40197; 121,48668;-9999,00000;2554,56880;   0,00000;   0,00000;  21,22166;-9999,00000
2021-03-16 00:00:00; 10,09281;   5,90178;  63,78581; 998,03784;  22,37717;   4,22498;  24,96330;  27,31535; 323,08930;  24,47602;   4,50934; 120,39705;-9999,00000;2561,38750;   0,00000;   0,00000;  17,36055;-9999,00000
2021-03-15 00:00:00; 8,68377;   5,17881;  80,82628; 995,16846;  26,46787;   4,22246;  25,03009;  27,85205;  21,93893;  24,41951;   4,86980;  36,96629;-9999,00000;2495,25700;   0,00219;   0,00000;  21,13502;-9999,00000
2021-03-21 00:00:00; 11,05192;   0,67724;  55,84338;1007,45810;   8,76232;   4,22731;  24,68697;  26,06469; 308,33460;  24,05263;   2,69400; 192,93372;-9999,00000;2602,40800;   0,00000;   0,00000;   6,43406;-9999,00000
2021-03-20 00:00:00; 10,89293;   1,11890;  61,01303;1011,53630;   9,40507;   4,22681;  24,74309;  26,17960;  32,49556;  24,15970;   3,06542; 168,62129;-9999,00000;2623,61040;   0,00000;   0,00000;   7,10797;-9999,00000
2021-03-22 00:00:00; 9,93651;   1,66901;  64,15349;1002,38500;  17,59479;   4,22597;  24,67007;  25,99670;  40,13377;  24,04866;   2,22378;  68,01620;-9999,00000;2531,99930;   0,00000;   0,00000;  14,12880;-9999,00000
2021-03-27 00:00:00; 10,83282;   9,21059;  55,20331;1014,19055;  12,43957;   4,22475;  27,36439;  29,29447; 161,76617;  26,37664;   7,67951; 197,14636;-9999,00000;2691,30620;   0,00000;   0,00000;   9,55971;-9999,00000
2021-03-26 00:00:00; 11,06241;   6,66914;  58,03076;1014,68365;   6,15501;   4,22532;  26,66783;  28,78535; 203,76378;  25,68530;   7,02754; 214,78963;-9999,00000;2664,60700;   0,00034;   0,18833;   4,19394;-9999,00000
2021-03-25 00:00:00; 11,06602;   3,68034;  55,11937;1012,68695;   8,12003;   4,22634;  24,58605;  25,83942; 318,08720;  23,92205;   4,29139; 202,25545;-9999,00000;2632,64180;   0,00000;   0,00000;   5,77079;-9999,00000
2021-03-24 00:00:00; 10,90814;   5,22028;  51,57344;1010,89777;  18,03396;   4,22564;  24,62149;  26,05764; 336,41120;  23,97366;   5,10042; 199,11517;-9999,00000;2589,11670;   0,00000;   0,00000;  14,31503;-9999,00000
2021-03-23 00:00:00; 10,75491;   4,68497;  53,32938;1008,96090;  14,81142;   4,22484;  24,63601;  25,95248; 327,08450;  23,97232;   3,72441; 155,85031;-9999,00000;2663,24170;   0,00000;   0,00000;  11,26734;-9999,00000
2021-04-02 00:00:00; 10,69582;  13,18689;  64,45885;1001,94030;  13,50754;   4,22481;  25,82584;  28,27144; 343,50116;  25,23080;  13,03621; 144,04396;-9999,00000;2617,92630;   0,00000;   0,00000;  10,38622;  13,20738
2021-04-01 00:00:00; 10,74538;  15,04474;  64,08630;1007,64720;  12,41977;   4,22255;  25,85229;  28,30631; 209,80590;  25,23919;  12,83924; 174,04596;-9999,00000;2634,24100;   0,00000;   0,00000;   9,55874;  13,18938
2021-03-31 00:00:00; 10,87300;  13,29480;  64,12840;1016,67860;   6,19656;   4,22488;  25,94523;  28,32769;   3,61297;  25,34990;  11,62528; 155,40097;-9999,00000;2626,32570;   0,00000;   0,00000;   4,25825;  13,25356
2021-03-30 00:00:00; 10,49799;  11,78309;  55,13328;1020,88745;   7,16439;   4,22454;  26,05024;  28,26471; 115,05427;  25,34990;   9,71573; 145,30028;-9999,00000;2594,72500;   0,00000;   0,00000;   5,18449;-9999,00000
2021-03-29 00:00:00; 10,91634;   8,76494;  53,62893;1022,86240;   8,86609;   4,22427;  26,26133;  28,29209; 291,55927;  25,47125;   7,54576; 159,53781;-9999,00000;2647,80130;   0,00000;   0,00000;   6,56947;-9999,00000
2021-03-28 00:00:00; 11,16309;  10,38800;  43,36150;1020,34970;  17,63213;   4,22491;  26,60636;  28,66241; 288,95685;  25,79053;   8,29714; 171,57913;-9999,00000;2604,65280;   0,00000;   0,00000;  13,66441;-9999,00000
2021-04-07 00:00:00; 11,58738;   3,15444;  61,86021;1001,32250;  13,71997;   4,22926;  25,37035;  27,65697; 287,55500;  24,57886;   6,10429; 200,85152;-9999,00000;2712,86250;   0,00000;   0,00000;  10,43488;  13,29683
2021-04-06 00:00:00; 10,32619;   3,33883;  79,13418; 996,32080;  14,65510;   4,22895;  25,43234;  27,67155; 275,98328;  24,62025;   6,55167;  68,21027;-9999,00000;2708,24730;   0,00135;   0,22160;  11,30007;  13,24121
2021-04-05 00:00:00; 11,46833;   5,49851;  57,03186;1002,79987;  16,72996;   4,22803;  25,55064;  27,35500; 209,86122;  24,77694;   7,87311; 231,98384;-9999,00000;2762,71600;   0,00000;   0,00000;  13,14007;  13,24992
2021-04-04 00:00:00; 10,64175;   5,21432;  71,32282;1008,42240;  17,79134;   4,22705;  25,68487;  27,61124;   9,26585;  25,03943;   8,34178;  84,09761;-9999,00000;2656,31250;   0,00017;   0,12865;  14,27076;  13,21958
2021-04-03 00:00:00; 10,60114;   7,36768;  66,57740;1003,61350;  10,53386;   4,22721;  25,78364;  27,90775; 336,54900;  25,14088;  10,37311; 126,81276;-9999,00000;2532,38820;   0,00000;   0,00000;   7,82781;  13,21931
2021-04-26 00:00:00; 11,81917;   8,94212;  53,76735;1009,18066;   8,70575;   4,23368;  25,38658;  29,08453; 355,17813;  25,19556;  11,85800; 188,04059;-9999,00000;2451,13280;   0,00000;   0,00000;   6,26835;  13,27404
2021-04-25 00:00:00; 12,02947;  11,40276;  57,69658;1008,89900;  12,52548;   4,23589;  25,39803;  29,23734; 191,74826;  25,23080;  12,33315; 226,03003;-9999,00000;2485,88330;   0,00000;   0,00000;   9,43001;  13,27375
2021-04-24 00:00:00; 12,20759;   9,56072;  56,54818;1014,04270;   9,17266;   4,22370;  25,46817;  29,28007; 342,83900;  25,34577;  11,21288; 264,15326;-9999,00000;2525,42290;   0,00000;   0,00000;   6,61439;  13,29345
2021-02-19 00:00:00; 8,34920;   4,08418;  86,73560;1015,31100;  12,78035;   4,22000;  25,75658;  30,04382; 160,25684;  25,58751;   2,83071;  52,98665;-9999,00000;2359,98880;   0,00084;   0,10230;   9,83093;  13,13919
2021-04-09 00:00:00; 11,61354;   4,46723;  58,35849;1018,09546;  13,10332;   4,23055;  25,20669;  27,31075; 169,35660;  24,32946;   6,08864; 243,44452;-9999,00000;2662,02900;   0,00000;   0,01322;   9,72110;  13,29961
2021-04-08 00:00:00; 11,52667;   2,02046;  70,87492;1012,98676;  18,02967;   4,22929;  25,24501;  27,41392; 267,99976;  24,48539;   5,14992; 151,20155;-9999,00000;2719,78760;   0,00017;   0,00000;  14,42692;  13,35207
2021-04-12 00:00:00; 11,10671;  15,11800;  48,48284;1008,54230;  13,20430;   4,23467;  25,12895;  27,67513; 182,77795;  24,34631;  12,31152; 186,44250;-9999,00000;2367,30420;   0,00000;   0,00000;   9,96846;  13,21443
2021-04-11 00:00:00; 11,08042;  11,97039;  50,04632;1011,42000;  14,53553;   4,23302;  25,11194;  27,47346; 165,62036;  24,28385;   9,86055; 183,24371;-9999,00000;2580,84100;   0,00000;   0,00000;  11,32663;  13,20859
2021-04-10 00:00:00; 11,46298;   9,07118;  48,67137;1012,38153;  14,60187;   4,23181;  25,12718;  27,41971; 167,70941;  24,27910;   8,29880; 220,80533;-9999,00000;2705,95970;   0,00000;   0,00000;  11,18502;  13,24458
2021-04-29 00:00:00; 11,73923;  14,90656;  70,51769;1001,92160;  18,11111;   4,22960;  25,34982;  28,80827; 178,43279;  24,91793;  13,95990; 199,71797;-9999,00000;2446,50150;   0,00000;   0,00000;  13,43871;  13,25145
2021-04-28 00:00:00; 11,11083;  11,03549;  67,18574;1002,63153;   7,81250;   4,23555;  25,34990;  28,86395;  80,11433;  25,09137;  12,08000;  67,13287;-9999,00000;2561,76730;   0,00017;   0,00000;   5,57543;  13,24854
2021-04-27 00:00:00; 12,12068;  11,17399;  52,17394;1003,94450;   6,54669;   4,23721;  25,35414;  29,04351;  29,25670;  25,11161;  12,81683; 203,57193;-9999,00000;2440,98540;   0,00000;   0,00000;   4,51868;  13,32331
2021-04-16 00:00:00; 11,45769;   5,22630;  75,90716;1011,36010;  14,35885;   4,23731;  25,11185;  28,99285; 250,87968;  24,39807;   6,86897; 132,02599;-9999,00000;2271,34230;   0,00000;   0,00000;  11,41083;  13,39218
2021-04-15 00:00:00; 11,29950;   5,10567;  80,56504;1011,06590;   9,48159;   4,23719;  25,20997;  29,41516; 261,29540;  24,39832;   7,12724; 113,77458;-9999,00000;2343,27220;   0,00034;   0,00000;   7,09675;  13,35346
2021-04-14 00:00:00; 10,31689;   4,73312;  87,50169;1008,68024;  13,49820;   4,23519;  25,13045;  29,79885; 342,65180;  24,32350;   7,03334;  65,93816;-9999,00000;2193,42500;   0,00303;   0,30967;  10,54296;  13,27357
2021-04-13 00:00:00; 9,75069;   7,57073;  88,11659;1007,06920;  12,74496;   4,22702;  25,17224;  27,58211; 267,13196;  24,32865;  10,12827;  38,45372;-9999,00000;2151,66300;   0,00488;   0,00000;   9,79683;  13,16989
