DATE; Talajnedvesség 90 cm; Napelem töltőfeszültség; Levegő-páratartalom; Belső akkufeszültség; Besugárzás; Talajnedvesség 60 cm; Fényegység; Széllökés; Talajhőmérséklet 0 cm; Fagy; Levegő-hőmérséklet; Csapadék; Szélirány; Légnyomás; Levélnedvesség; Szélsebesség; Talajnedvesség 30 cm; Külső akkufeszültség
2021-01-17 00:00:00; 24,27852;   6,16844;  90,67094;   4,21033;  38,76325;  22,37500; 701,65280;   3,96763;   0,27774;-9999,00000;  -4,07929;   0,00240; 223,67448;1008,38510;   3,45070;   1,53237;  26,14692;  12,45468
2021-01-15 00:00:00; 24,39712;   7,06785;  87,87848;   4,21472;  48,42199;  22,41945; 665,06600;   6,61871;   0,69823;-9999,00000;  -2,16726;   0,00080; 337,03550;1006,66925;   0,10563;   2,41367;  26,49131;  12,63463
2021-01-16 00:00:00; 24,30007;   7,03731;  84,28243;   4,21461;  43,62676;  22,40118; 582,36456;   3,31408;   0,44610;-9999,00000;  -5,01494;   0,00000; 221,88400;1009,73030;   0,10638;   0,87726;  26,36399;  12,70899
2021-01-18 00:00:00; 24,19209;   6,43699;  90,97532;   4,21462;  54,52297;  22,37205; 777,73610;   4,54152;   0,27722;-9999,00000;  -6,18071;   0,00080; 249,31134;1013,69165;   5,10638;   1,98195;  25,90116;  12,53309
2021-01-19 00:00:00; 24,16004;   6,48660;  92,46138;   4,21068;  30,98592;  22,28283; 593,76044;  11,67384;   0,15300;-9999,00000;  -1,74610;   0,00398; 228,74971;1012,79840;   5,07042;   5,97491;  25,69475;  12,39836
2021-01-20 00:00:00; 24,16004;   6,73238;  87,04278;   4,21229;  39,03169;  22,17822; 663,69446;  15,66187;   0,20000;-9999,00000;   1,68790;   0,00319; 227,51782;1009,16480;   2,79152;   8,73381;  25,44913;  12,53823
2021-04-24 00:00:00; 23,31241;  11,85814;  55,73167;   4,22564; 269,05594;  20,87328;1630,80550;   6,64184;  12,86749;-9999,00000;  10,03803;   0,00000;  35,90826;1012,55480;   0,00000;   2,46808;  21,20732;  13,19487
2021-04-25 00:00:00; 23,29509;  11,56142;  56,98188;   4,22431; 241,12848;  20,85687;1492,79590;   7,49291;  13,33507;-9999,00000;  12,17762;   0,00000; 318,34955;1007,57700;   0,31250;   2,70213;  21,12178;  13,14076
2021-04-26 00:00:00; 23,25661;  11,83519;  50,10905;   4,22555; 216,25874;  20,82925;1225,57980;   6,52143;  13,46831;-9999,00000;   9,58092;   0,00000;  63,47437;1007,75720;   0,00000;   2,22500;  20,95662;  13,21284
2021-04-28 00:00:00; 23,20759;  10,37847;  69,32197;   4,22124;  67,63066;  20,74688; 607,37850;   5,05319;  13,24476;-9999,00000;  11,74280;   0,00000; 102,86457;1001,27730;   0,90592;   1,79078;  20,62007;  13,06031
2021-04-29 00:00:00; 23,19598;  11,36332;  66,80089;   4,22111; 204,10034;  20,64866;1345,01380;  14,57244;  15,00451;-9999,00000;  16,10455;   0,00000; 225,39906;1000,73047;   0,15625;   5,44170;  20,53127;  13,11204
2021-04-14 00:00:00; 23,56455;  10,04339;  89,84931;   4,22322;  65,20979;  20,96412; 467,38196;   7,48929;   9,15740;-9999,00000;   4,50883;   0,01977;   6,08853;1007,26270;   5,05263;   2,67143;  20,27214;  13,08746
2021-04-30 00:00:00; 23,16776;  11,17604;  71,97057;   4,21947; 192,23958;  20,59410;1115,75000;  10,65018;  16,46598;-9999,00000;  17,29125;   0,01414; 254,24625;1001,19010;   1,66090;   5,32509;  20,44222;  13,05806
2021-04-15 00:00:00; 23,44511;  10,51829;  83,98029;   4,22557;  91,88811;  20,94653; 659,62286;   5,38790;   8,89266;-9999,00000;   5,15352;   0,00000; 302,59943;1009,79260;   3,05944;   1,82918;  20,13497;  13,15182
2021-04-16 00:00:00; 23,39273;  11,20341;  78,34406;   4,22708; 149,77272;  20,88810; 852,41670;   9,43928;   8,91158;-9999,00000;   5,48127;   0,00079; 288,08350;1010,19200;   1,64336;   4,75357;  20,14254;  13,21301
2021-04-23 00:00:00; 23,32995;  11,58825;  59,94907;   4,22490; 199,72125;  20,89994;1369,98610;   8,29181;  12,96084;-9999,00000;  10,58385;   0,00000; 331,41450;1011,21270;   0,00000;   2,98221;  21,21802;  13,19490
2021-04-27 00:00:00; 23,21674;  11,57262;  45,63754;   4,22346; 200,20833;  20,77182;1288,95120;   6,03915;  14,10558;-9999,00000;  11,87746;   0,00000;  86,88537;1002,49750;   0,00000;   2,33096;  20,80702;  13,16898
2021-03-31 00:00:00; 23,84633;  10,36353;  62,73043;   4,22337; 160,32986;  21,77952;1075,01730;   4,35106;  11,86515;-9999,00000;  13,38982;   0,00000;  65,40952;1015,23254;   0,00000;   1,51418;  22,92995;  13,08302
2021-04-01 00:00:00; 23,85712;  10,39268;  66,97718;   4,22265; 171,75348;  21,75878;1038,61460;   5,58865;  12,39687;-9999,00000;  14,80210;   0,00000; 247,66844;1006,48114;   0,59441;   1,99291;  22,62508;  13,04360
2021-04-02 00:00:00; 23,88691;  10,35125;  68,22494;   4,22219; 142,58742;  21,77036;1009,63070;   8,43060;  12,76819;-9999,00000;  13,46373;   0,00316;  22,36415;1000,51750;   0,36585;   3,32384;  22,36072;  13,06286
2021-04-11 00:00:00; 23,44387;  11,04695;  45,05876;   4,22423; 190,62500;  21,11177;1288,80830;  11,53381;  10,48008;-9999,00000;  13,23299;   0,00000; 217,72087;1010,23157;   0,00000;   6,23488;  20,74169;  13,13839
2021-04-12 00:00:00; 23,46659;  10,93118;  43,53101;   4,22175; 199,68858;  21,09821;1215,25950;  10,66549;  12,95278;-9999,00000;  16,47108;   0,00000; 215,15201;1007,22150;   0,00000;   4,61620;  20,63411;  13,12600
2021-04-13 00:00:00; 23,50210;   9,82429;  85,62610;   4,21599;  51,84211;  21,06222; 408,67596;   8,48029;  11,63720;-9999,00000;   8,43865;   0,01905; 289,19920;1005,65900;   2,67483;   3,23298;  20,49665;  13,01681
2021-04-09 00:00:00; 23,45978;  11,31722;  57,91163;   4,22809; 243,40350;  21,13158;1422,57640;   9,88571;   7,19683;-9999,00000;   5,46148;   0,00000; 245,13348;1017,07640;   1,06643;   4,29286;  20,90696;  13,24390
2021-04-10 00:00:00; 23,44469;  10,98845;  43,78085;   4,22574; 225,45296;  21,06803;1351,44980;  13,50714;   8,89129;-9999,00000;  10,77817;   0,00000; 213,36975;1011,32470;   0,00000;   6,79643;  20,83724;  13,17233
2021-03-27 00:00:00; 23,80349;  10,60914;  52,67786;   4,22574; 197,43903;  21,78869;1191,37160;   9,97865;   8,53637;-9999,00000;  10,28842;   0,00000; 217,06906;1013,08510;   0,00000;   4,87545;  24,09804;-9999,00000
2021-03-28 00:00:00; 23,80263;  10,60456;  43,79938;   4,21768; 156,04015;  21,77908; 940,01820;  10,56343;   9,23211;-9999,00000;  10,72103;   0,00000; 305,63632;1018,90220;   0,00000;   4,14179;  23,83313;-9999,00000
2021-03-29 00:00:00; 23,80642;  10,62045;  53,57407;   4,22698; 159,86014;  21,79080;1000,42017;   4,88256;   8,53931;-9999,00000;   8,82711;   0,00000; 355,92584;1021,56790;   0,00000;   1,58007;  23,49563;-9999,00000
2021-03-30 00:00:00; 23,83125;  10,28522;  53,79734;   4,22419; 158,87152;  21,76053; 983,06920;   3,74468;  10,36795;-9999,00000;  11,91818;   0,00000;  72,23637;1019,61060;   0,03472;   1,24823;  23,20762;-9999,00000
2021-03-07 00:00:00; 24,20661;  10,06744;  54,67094;   4,22974; 165,55943;  22,11317;1083,75700;   6,07527;   3,83908;-9999,00000;   2,39894;   0,00000; 254,42545;1015,27460;   0,00000;   2,56631;  24,91752;-9999,00000
2021-03-08 00:00:00; 24,15415;  10,06152;  55,53312;   4,22425; 163,23944;  22,05157;1018,87460;   7,56835;   3,87138;-9999,00000;   3,66277;   0,00000; 296,31370;1007,07390;   0,00000;   2,92806;  24,78036;-9999,00000
2021-03-09 00:00:00; 24,08714;  10,19749;  51,81798;   4,23001; 153,35088;  21,98995; 918,67820;   7,86380;   3,85317;-9999,00000;   2,04468;   0,00000;  50,74434;1009,61880;   0,00000;   2,76702;  24,66765;-9999,00000
2021-03-10 00:00:00; 24,04101;  10,06849;  55,15674;   4,23067; 139,61267;  21,93545; 920,78750;   6,14695;   3,21761;-9999,00000;   1,34291;   0,00000;  61,50862;1008,82660;   0,00000;   1,96774;  24,50311;-9999,00000
2021-03-11 00:00:00; 23,96848;  10,00205;  53,58252;   4,22943; 160,64685;  21,85384;1001,61804;  13,11786;   3,61233;-9999,00000;   3,41201;   0,00000; 195,85522;1009,29926;   0,00000;   6,67857;  24,36632;-9999,00000
2021-03-12 00:00:00; 23,92526;   9,05157;  68,96690;   4,22407;  80,52447;  21,79159; 480,72570;  17,55357;   5,70280;-9999,00000;   8,09297;   0,00395; 261,25836;1003,34735;   1,36364;   9,24286;  24,32100;-9999,00000
2021-03-21 00:00:00; 23,80893;  10,60265;  54,47926;   4,23030; 168,19930;  21,72985;1133,12110;   5,96786;   4,67544;-9999,00000;   2,47289;   0,00000; 352,55730;1006,06480;   0,00000;   1,93571;  25,16874;-9999,00000
2021-03-22 00:00:00; 23,80308;   9,80017;  64,98132;   4,22949;  82,44718;  21,72131; 552,44446;   9,17563;   3,71760;-9999,00000;   1,42411;   0,00000;  27,29386;1000,89060;   0,24648;   3,50538;  25,02882;-9999,00000
2021-03-23 00:00:00; 23,76075;  10,49471;  55,71109;   4,22870; 141,62587;  21,69225; 969,42706;   8,85000;   4,30564;-9999,00000;   4,74452;   0,00000;  22,28399;1007,51080;   0,00000;   2,92143;  24,89044;-9999,00000
2021-03-24 00:00:00; 23,73492;  10,84806;  49,28632;   4,22818; 214,43860;  21,69411;1254,67710;  12,31183;   6,55669;-9999,00000;   5,76206;   0,00000;  69,62848;1009,33020;   0,01754;   5,17563;  24,73132;-9999,00000
2021-03-25 00:00:00; 23,78721;  10,81477;  50,25258;   4,22900; 204,92982;  21,76242;1278,21610;   5,74286;   5,89334;-9999,00000;   4,76890;   0,00000;  25,91742;1011,22150;   0,00000;   1,99286;  24,53438;-9999,00000
2021-03-26 00:00:00; 23,77802;  10,51503;  54,11984;   4,22689; 200,74913;  21,77163;1221,70940;   4,11388;   7,53287;-9999,00000;   7,96197;   0,00000; 275,10050;1013,41800;   0,00000;   1,29537;  24,34184;-9999,00000
2021-03-16 00:00:00; 24,00568;   9,53727;  69,04645;   4,22300;  83,43860;  21,71900; 555,71430;  13,24731;   5,51824;-9999,00000;   5,59082;   0,00079;  69,06078; 996,38810;   0,12281;   5,06810;  25,42809;-9999,00000
2021-03-17 00:00:00; 23,96037;   9,77430;  66,71249;   4,22418;  97,51748;  21,70232; 632,88930;  15,16786;   5,08204;-9999,00000;   5,20848;   0,00000;  68,01979;1000,41020;   0,00000;   5,91071;  25,57574;-9999,00000
2021-03-18 00:00:00; 23,92108;   9,49552;  71,26382;   4,22773;  78,65385;  21,71401; 498,56598;  10,59075;   5,24126;-9999,00000;   3,77420;   0,00158;  60,92412;1004,27924;   1,20629;   3,73310;  25,50349;-9999,00000
2021-03-19 00:00:00; 23,90636;  10,15992;  65,14040;   4,22926; 140,84210;  21,73406; 790,35420;   6,24373;   5,08803;-9999,00000;   2,46184;   0,00000;   2,24690;1005,79846;   0,21127;   2,03584;  25,40412;-9999,00000
2021-01-14 00:00:00; 24,46550;   6,24826;  89,23881;   4,21898;  23,79371;  22,43434; 670,82640;   8,67857;   0,84718;-9999,00000;  -0,02650;   0,00397; 295,05230; 999,58936;   1,75439;   3,61071;  26,59369;  12,36018
2021-03-20 00:00:00; 23,85300;  10,59832;  62,01671;   4,23047; 168,04578;  21,73542;1104,10800;   6,17266;   4,80671;-9999,00000;   2,31815;   0,00000;  61,15734;1010,21875;   1,23239;   2,49281;  25,29878;-9999,00000
2021-01-21 00:00:00; 24,10719;   7,65777;  83,52543;   4,19844;  66,45105;  22,06839; 760,79170;  22,86121;   0,67369;-9999,00000;   5,18063;   0,00000; 214,69997;1006,92760;   0,00000;  14,51601;  25,67144;  12,81125
2021-02-25 00:00:00; 24,58821;   9,18752;  77,81699;   4,22487; 119,30314;  22,63459; 973,58190;   2,36655;   6,98427;-9999,00000;   9,92887;   0,00079; 226,65558;1023,53210;   2,53497;   0,60854;  26,63762;  13,06294
2021-02-26 00:00:00; 24,59432;   9,24020;  77,39760;   4,22513; 123,24042;  22,61502; 963,49304;   2,73310;   7,52868;-9999,00000;  10,44965;   0,00079; 227,22879;1016,48944;   2,07317;   0,91103;  26,48552;-9999,00000
2021-03-13 00:00:00; 23,94024;   9,69680;  77,37756;   4,22534; 167,04546;  21,86817;1002,33563;  11,56383;   8,05700;-9999,00000;   8,88807;   0,00788; 234,37274;1003,67206;   1,77700;   5,78369;  24,28688;-9999,00000
2021-03-14 00:00:00; 24,03767;   8,90081;  83,28476;   4,22138;  69,20139;  21,85152; 455,48610;  10,47331;   7,68601;-9999,00000;   7,92368;   0,01819; 270,98993; 997,04517;   3,54895;   4,98576;  24,17723;-9999,00000
2021-03-15 00:00:00; 24,04143;   8,43376;  86,26327;   4,21921;  28,45070;  21,76739; 249,66667;  15,70968;   6,43888;-9999,00000;   5,03852;   0,02619;  77,38680; 993,37200;   4,08772;   6,29391;  24,20223;-9999,00000
2021-04-08 00:00:00; 23,55570;  11,34913;  69,42744;   4,22955; 141,71930;  21,23488;1149,89200;  10,43728;   6,34205;-9999,00000;   2,94787;   0,00000; 298,12238;1011,73096;   0,15845;   4,06810;  21,01306;  13,27517
2021-02-20 00:00:00; 24,63567;   7,46947;  91,95711;   4,21732;  20,52632;  22,58531; 299,65854;   3,34532;   4,08339;-9999,00000;   3,21276;   0,01035;  74,01582;1017,00110;   3,38028;   0,81655;  26,98897;  12,80849
2021-02-21 00:00:00; 24,62565;   8,78353;  92,97696;   4,22407;  87,67483;  22,62293; 746,83734;   3,98932;   3,45490;-9999,00000;   2,71625;   0,00000; 105,32749;1020,49990;   3,77622;   1,57651;  27,11475;  13,11550
2021-02-22 00:00:00; 24,56569;   9,26643;  84,59309;   4,22776; 122,72727;  22,65265; 836,43750;   3,98571;   3,99824;-9999,00000;   5,64049;   0,00079; 164,01634;1019,70355;   3,12281;   2,00714;  26,99873;  13,18353
2021-02-23 00:00:00; 24,55295;   9,21472;  81,66406;   4,22335; 121,38596;  22,65334; 958,44794;   3,64769;   5,30667;-9999,00000;   7,82958;   0,00000; 261,94500;1022,79100;   2,76224;   1,01068;  26,87383;  13,13129
2021-02-24 00:00:00; 24,57910;   9,10393;  79,89719;   4,22562; 112,33450;  22,63551; 841,13890;   2,20714;   6,34947;-9999,00000;   8,66785;   0,00079; 349,29126;1026,20540;   3,02448;   0,42857;  26,78216;  13,12320
2021-02-04 00:00:00; 25,20089;   7,89619;  80,12231;   4,21342;  78,88502;  23,21842; 688,69794;  10,53737;   6,59546;-9999,00000;   9,56233;   0,00475; 288,09003;1003,78250;   1,90559;   4,83986;  27,39279;  12,96216
2021-04-03 00:00:00; 23,87661;  10,08635;  67,15757;   4,21962; 116,42857;  21,70551; 757,21454;   6,20641;  10,69301;-9999,00000;   8,02782;   0,00315;  10,74144;1002,19904;   0,55749;   1,62633;  21,98590;  13,06986
2021-04-04 00:00:00; 23,83287;  10,33765;  74,64348;   4,22641;  79,40351;  21,55498; 599,26135;   9,13978;   8,87007;-9999,00000;   5,60495;   0,01984;  41,84347;1006,81630;   2,35915;   3,16846;  21,70497;  13,15636
2021-04-05 00:00:00; 23,75756;  11,24565;  62,39405;   4,22763; 231,24126;  21,43088;1323,06590;   9,40000;   8,54632;-9999,00000;   6,32685;   0,00000; 264,70840;1001,88450;   0,97902;   5,00357;  21,48905;  13,19864
2021-04-06 00:00:00; 23,70926;  10,09069;  79,95683;   4,22309;  64,21053;  21,33488; 500,23184;  10,85357;   7,23487;-9999,00000;   3,70745;   0,00714; 279,86550; 995,05133;   2,75439;   5,00000;  21,34311;  13,13535
2021-04-07 00:00:00; 23,61679;  11,22016;  60,98004;   4,22495; 194,87762;  21,27233;1217,86460;   8,06072;   7,37203;-9999,00000;   4,07183;   0,00000; 316,05160;1000,02826;   0,00000;   2,50714;  21,20610;  13,22764
2021-04-18 00:00:00; 23,34421;  10,14939;  86,73309;   4,22380;  60,19298;  20,81964; 479,18118;   5,41786;   9,93263;-9999,00000;   7,59046;   0,02699;  72,47470;1006,22284;   4,40351;   1,81071;  20,15056;  13,08834
2021-02-12 00:00:00; 25,69517;   8,01061;  84,54174;   4,22406;  60,93972;  23,76969; 880,20140;   3,38267;   2,18292;-9999,00000;  -7,76571;   0,00639; 335,20508;1018,34534;   2,76596;   0,82310;  27,97901;  12,86793
2021-04-19 00:00:00; 23,32620;  10,55068;  85,33237;   4,22328;  91,72474;  20,80963; 618,27780;   5,24286;  10,56211;-9999,00000;   8,57712;   0,00079; 203,61650;1005,15546;   1,87063;   2,01429;  20,15599;  13,13412
2021-04-20 00:00:00; 23,32578;  11,23881;  83,95396;   4,22497; 131,88153;  20,76684; 873,21875;   5,19929;  11,02098;-9999,00000;   9,59155;   0,02452; 323,52690;1003,04224;   1,32867;   1,76157;  20,27277;  13,19244
2021-04-21 00:00:00; 23,32703;  11,40568;  76,66979;   4,22149; 224,42708;  20,80568;1351,09340;   6,37102;  12,89618;-9999,00000;  12,04301;   0,00000; 271,02277;1005,65280;   1,77083;   2,32862;  20,51846;  13,15082
2021-04-22 00:00:00; 23,36463;  11,12933;  71,34650;   4,22269; 216,61403;  20,82716;1212,57500;  12,65950;  13,64036;-9999,00000;  13,01095;   0,00158; 257,88440;1006,96080;   0,83916;   5,79570;  20,97403;  13,11438
2021-01-25 00:00:00; 26,06193;   6,94963;  90,66800;   4,22337;  48,00699;  25,19034; 666,70140;  14,52688;   3,80141;-9999,00000;   2,20957;   0,03572; 287,70358; 990,11505;   3,05263;   7,85305;  28,95714;  12,83806
2021-01-27 00:00:00; 25,39572;   7,64769;  88,55065;   4,22426;  59,52632;  23,37414; 647,53125;   4,06786;   1,21338;-9999,00000;  -0,90318;   0,00079; 348,42087;1003,90640;   4,36842;   1,08571;  27,20312;  12,92457
2021-01-26 00:00:00; 25,85172;   6,73420;  90,90308;   4,22147;  27,01413;  23,79751; 448,29860;   3,07554;   2,41767;-9999,00000;   0,83381;   0,00080; 333,19850;1000,52370;   2,68551;   0,59353;  27,67600;  12,76830
2021-01-28 00:00:00; 25,11027;   7,48688;  85,86219;   4,22826;  60,81272;  23,11179; 558,69684;   9,90648;   0,69574;-9999,00000;  -0,56571;   0,00000; 272,63470;1001,68414;   2,19081;   4,92446;  26,86857;  12,98978
2021-03-06 00:00:00; 24,27769;  10,04248;  59,24358;   4,22495; 142,73685;  22,19277;1019,78125;   8,76071;   4,90388;-9999,00000;   2,37289;   0,00000;  28,17471;1019,79380;   0,00000;   3,10357;  25,10518;-9999,00000
2021-04-17 00:00:00; 23,33786;  11,52520;  65,81519;   4,22756; 193,09440;  20,86472;1207,02430;   5,76071;  10,08387;-9999,00000;   7,54542;   0,00000; 147,65085;1008,13416;   0,27972;   2,31071;  20,15010;  13,25361
2021-03-02 00:00:00; 24,41348;   9,80002;  74,00664;   4,22872; 143,84616;  22,40755; 945,22920;   3,78571;   5,23404;-9999,00000;   5,29010;   0,00000; 354,14948;1024,56910;   1,63158;   1,00357;  25,73482;-9999,00000
2021-03-03 00:00:00; 24,36611;   9,69788;  64,44630;   4,22658; 148,42105;  22,31152;1006,01390;   4,37143;   5,88386;-9999,00000;   7,90424;   0,00000; 268,79785;1020,24400;   0,15734;   1,76071;  25,59934;-9999,00000
2021-03-04 00:00:00; 24,32059;   8,92556;  68,66239;   4,22542;  82,22997;  22,25640; 694,05536;   5,44128;   5,73811;-9999,00000;   7,02077;   0,00000; 247,98758;1008,97736;   0,00000;   2,37011;  25,42217;-9999,00000
2021-02-09 00:00:00; 25,58170;   7,40378;  91,33475;   4,20782;  51,81818;  24,03473; 572,69200;   8,54448;   5,58322;-9999,00000;   6,02535;   0,01419; 228,37688; 992,92650;   3,74564;   3,79004;  28,38283;  12,83138
2021-02-07 00:00:00; 24,91596;   7,09717;  88,66334;   4,19977;  38,21053;  22,92607; 443,69687;   6,49462;   5,66480;-9999,00000;   6,57695;   0,00000; 127,23525; 995,37524;   1,51408;   2,79570;  26,94007;  12,77385
2021-02-05 00:00:00; 25,11323;   6,88129;  88,89931;   4,21147;  20,96154;  23,14122; 366,13540;   5,08541;   5,25122;-9999,00000;   6,35493;   0,00079; 189,02759;1007,21400;   1,74825;   2,20641;  27,25437;  12,78703
2021-02-06 00:00:00; 24,99514;   6,79353;  97,23116;   4,20558;  15,47368;  22,93369; 393,33680;   4,05357;   5,50913;-9999,00000;   5,18940;   0,00000;  19,53012;1003,35315;   4,59790;   1,45000;  27,07331;  12,66026
2021-01-22 00:00:00; 24,04018;   6,89085;  80,41750;   4,21806;  42,40418;  22,05677; 726,86110;  25,01429;   3,65070;-9999,00000;   8,06584;   0,00000; 213,87239;1000,42440;   0,06993;  16,18929;  27,06380;  12,82505
2021-01-31 00:00:00; 25,27559;   6,78893;  86,89625;   4,22233;  34,17544;  23,50967; 404,41320;  15,71326;   2,61343;-9999,00000;   0,57411;   0,00317;  72,57797; 993,23360;   2,81690;   7,00358;  27,87010;  12,93265
2021-02-01 00:00:00; 25,49467;   6,62940;  94,60026;   4,21548;  18,13380;  23,95762; 322,89930;   4,24014;   1,86761;-9999,00000;   0,17731;   0,02867; 140,39343; 993,48790;   5,07042;   1,27599;  28,59125;  12,72495
2021-01-30 00:00:00; 25,23392;   7,94751;  88,91515;   4,21779;  70,31468;  23,79258; 680,30206;   7,38214;   3,99790;-9999,00000;   6,59613;   0,00079; 275,93630; 989,92000;   2,16783;   3,53214;  28,12401;  12,95280
2021-01-29 00:00:00; 24,90537;   6,56045;  95,39637;   4,21269;  18,40909;  22,87760; 431,94810;  10,32500;   1,81438;-9999,00000;   3,22933;   0,01977; 245,16695; 992,36680;   5,05245;   4,86071;  27,58955;  12,70226
2021-02-10 00:00:00; 25,64120;   7,19137;  92,16974;   4,21665;  39,77273;  23,92362; 502,62717;  10,85714;   6,51832;-9999,00000;   6,71134;   0,00873; 220,08966; 994,65857;   3,28070;   5,68214;  28,24864;  12,83685
2021-02-08 00:00:00; 24,86690;   6,82406;  89,44611;   4,19591;  16,52098;  23,15391; 361,28473;  13,54286;   6,18457;-9999,00000;   6,63240;   0,03810; 238,40723; 986,87115;   4,52632;   6,41786;  27,99573;  12,60114
2021-01-11 00:00:00; 24,68937;   6,22745;  94,97217;   4,20843;  18,80702;  22,54635; 500,62500;   3,41727;   1,30951;-9999,00000;  -0,46560;   0,00239;  17,61894;1010,23990;   3,16901;   0,71583;  26,30316;  12,29637
2021-01-10 00:00:00; 24,81302;   6,22898;  96,81789;   4,21599;  17,27113;  22,62933; 457,58334;   8,07527;   1,16891;-9999,00000;  -1,88434;   0,00000;  67,09814;1012,85310;   3,46831;   2,65233;  26,48326;  12,35537
2021-01-09 00:00:00; 24,95971;   6,78324;  95,59709;   4,21932;  46,87279;  22,83886; 580,72570;   3,08993;   1,40777;-9999,00000;  -2,14448;   0,00000; 167,32695;1011,49646;   3,56890;   0,85252;  26,60655;  12,53007
2021-02-03 00:00:00; 25,37724;   7,44975;  92,23210;   4,20749;  57,81469;  23,34784; 585,14930;  15,00712;   4,59089;-9999,00000;   6,59222;   0,00079; 220,93652;1003,07750;   2,23776;   7,86833;  27,51552;  12,86329
2021-01-08 00:00:00; 25,10984;   6,32908;  92,83725;   4,21703;  20,19298;  23,04220; 525,14233;   4,88889;   2,29964;-9999,00000;   0,50887;   0,00000;  37,61840;1005,76740;   3,02817;   1,25448;  26,80761;  12,24945
2021-02-02 00:00:00; 25,70706;   6,86564;  95,82130;   4,20544;  21,00000;  23,73892; 280,38196;   7,27240;   2,57429;-9999,00000;   1,71873;   0,00556; 232,82928;1003,06440;   1,78947;   3,30466;  27,92701;  12,65090
2021-02-17 00:00:00; 24,82673;   7,68280;  82,93217;   4,21827;  35,75704;  22,85989; 393,41116;   8,18705;   1,21025;-9999,00000;   1,26064;   0,00080; 240,68887;1009,47550;   1,07394;   4,24820;  26,73135;  12,96672
2021-02-15 00:00:00; 25,07590;   9,14113;  79,53069;   4,23228; 111,49648;  23,14057; 805,97925;   4,56272;   0,68873;-9999,00000;  -1,98156;   0,00000; 331,25992;1024,42490;   0,36842;   1,51971;  27,21348;  13,21571
2021-02-14 00:00:00; 25,24702;   8,72021;  77,99254;   4,22874; 100,68662;  23,30140; 765,42706;   4,72302;   1,02367;-9999,00000;  -2,59146;   0,00080; 349,03940;1024,70620;   0,26502;   1,25899;  27,32305;  13,14049
2021-02-13 00:00:00; 25,43322;   9,21345;  73,58687;   4,23578; 110,22968;  23,55697;1027,64230;   4,15162;   1,30709;-9999,00000;  -6,90893;   0,00000;   4,24250;1023,59830;   2,58865;   1,20217;  27,66947;  13,24388
2021-01-13 00:00:00; 24,51621;   6,84940;  86,70612;   4,21556;  60,17668;  22,42125; 584,84375;   9,23381;   1,60565;-9999,00000;   0,42064;   0,00239; 274,25433;1001,73010;   2,95053;   4,21942;  26,54932;  12,49926
2021-01-12 00:00:00; 24,58982;   6,15393;  96,26341;   4,20211;  18,67958;  22,40975; 544,68400;   3,33333;   1,84381;-9999,00000;  -0,33701;   0,00558; 306,88190;1006,53406;   5,07042;   1,32258;  26,33281;  12,18272
2021-01-05 00:00:00; 25,51567;   6,01897;  94,71913;   4,19811;  15,92982;  24,07787; 568,40625;  10,77061;   5,73170;-9999,00000;   5,05901;   0,01587; 278,78625;1001,19460;   2,35088;   5,29749;  28,15054;  12,17111
2021-01-02 00:00:00; 25,35926;   7,34066;  79,62769;   4,21262;  53,56141;  23,45061; 625,44794;   7,72143;   4,21021;-9999,00000;   5,02014;   0,00000; 146,85059;1007,54065;   0,00000;   3,43571;  27,12535;  12,60601
2021-01-03 00:00:00; 24,98628;   6,23136;  82,64320;   4,21317;  22,06294;  23,04519; 426,60416;  10,44840;   4,41539;-9999,00000;   6,39682;   0,01028; 170,33359;1004,73145;   1,31119;   5,09609;  26,76121;  12,33259
2021-02-19 00:00:00; 24,67357;   8,05932;  86,90833;   4,22519;  49,59649;  22,72403; 532,52430;  11,51613;   3,64596;-9999,00000;   4,72756;   0,00237; 207,73962;1014,15283;   1,88811;   5,63441;  26,77414;  13,02632
2021-02-18 00:00:00; 24,69651;   8,77845;  86,28471;   4,22240; 110,52447;  22,73946; 852,73010;   4,01068;   2,99790;-9999,00000;   4,42226;   0,00000; 237,70786;1011,24400;   2,22028;   1,09964;  26,78591;  13,10920
2021-02-16 00:00:00; 24,95226;   8,70327;  79,28049;   4,23157;  86,46127;  23,02040; 526,37850;   4,82796;   0,47597;-9999,00000;  -1,16050;   0,00000; 224,17032;1018,28125;   1,96113;   1,93907;  26,95373;  13,18321
2021-03-01 00:00:00; 24,48227;   9,71877;  72,38934;   4,22847; 141,57343;  22,44182; 891,91320;   7,63571;   5,11092;-9999,00000;   4,96148;   0,00000;  23,51177;1021,53735;   0,77193;   3,14286;  25,87389;-9999,00000
2021-02-28 00:00:00; 24,54537;   9,64573;  68,99956;   4,22724; 128,07692;  22,52890; 903,78820;   5,38790;   5,67902;-9999,00000;   5,63239;   0,00000; 331,84180;1022,74426;   0,47038;   1,73665;  26,05053;-9999,00000
2021-02-27 00:00:00; 24,54462;   8,77426;  73,74673;   4,22502;  74,93007;  22,61169; 669,23530;   8,80357;   6,51965;-9999,00000;   7,23838;   0,00000;  48,84219;1017,29510;   1,57343;   3,08571;  26,26045;-9999,00000
2021-01-06 00:00:00; 25,45069;   6,41478;  92,19780;   4,19369;  20,31469;  23,58370; 494,47223;   9,38790;   4,61404;-9999,00000;   4,45725;   0,00079; 180,97333;1003,22490;   3,12937;   4,46975;  27,35539;  12,13214
2021-01-04 00:00:00; 24,80884;   5,98895;  93,61407;   4,20405;  13,65385;  23,09570; 582,81600;   4,15714;   5,18106;-9999,00000;   6,06184;   0,02768;  84,11861;1002,47080;   3,78947;   1,02857;  27,50244;  12,23970
2021-01-23 00:00:00; 24,13245;   6,52748;  76,45165;   4,20331;  31,66084;  22,34418; 538,55206;  23,96441;   5,35245;-9999,00000;   9,58027;   0,00000; 208,92781; 992,13214;   0,54196;  14,99644;  27,05132;  12,71857
2021-01-24 00:00:00; 24,23893;   6,93763;  85,95558;   4,21602;  37,91958;  22,48154; 634,23956;  11,89324;   5,73333;-9999,00000;   7,14366;   0,04271; 232,23848; 988,77950;   1,27622;   5,55160;  26,99423;  12,80701
2021-02-11 00:00:00; 25,74023;   6,71342;  91,33277;   4,21707;  15,21127;  24,06498; 409,09027;  13,10072;   4,63838;-9999,00000;  -0,34929;   0,01115; 267,82413;1001,62170;   2,41197;   5,44245;  28,65538;  12,63723
2021-01-07 00:00:00; 25,15696;   7,20080;  90,76950;   4,20851;  55,15789;  23,24698; 742,82983;   6,77778;   4,23438;-9999,00000;   2,94417;   0,00000; 282,89294;1005,14860;   2,59649;   3,34050;  27,04258;  12,50390
2021-03-05 00:00:00; 24,29361;   9,02181;  74,71516;   4,22448;  80,64912;  22,23520; 605,78820;  10,43572;   5,99790;-9999,00000;   5,97199;   0,00554; 255,89572;1005,68300;   1,87063;   4,23571;  25,29453;-9999,00000
